test_id,count
0,41.5395927429
1,31.2163181305
2,21.9625473022
3,13.40143013
4,14.1275730133
5,0.96231508255
6,7.16929244995
7,3.36119174957
8,7.31864786148
9,5.268846035
10,7.04666471481
11,2.60965061188
12,5.24375343323
13,16.5810661316
14,6.95180225372
15,1.44756269455
16,5.66828250885
17,2.17062306404
18,6.80179309845
19,7.47086000443
20,12.0872735977
21,9.55905723572
22,4.76942825317
23,2.09610843658
24,22.3317775726
25,0.98336482048
26,0.978573322296
27,4.19239282608
28,7.8499417305
29,5.61728668213
30,6.00117349625
31,1.05954432487
32,4.21306037903
33,13.1217241287
34,2.61402177811
35,2.73095345497
36,9.53370094299
37,11.2770528793
38,12.0518569946
39,4.9722738266
40,14.7937240601
41,1.61192643642
42,2.11540937424
43,4.84692430496
44,12.7550001144
45,9.23882484436
46,4.21830034256
47,1.59197759628
48,3.97410702705
49,14.8994522095
50,7.92433547974
51,6.59521245956
52,4.78540897369
53,1.46732580662
54,2.3560936451
55,4.16726016998
56,3.08631038666
57,2.38845300674
58,9.25697422028
59,2.90674376488
60,11.9112825394
61,7.35418653488
62,4.91733694077
63,6.02000713348
64,1.28796267509
65,2.10004353523
66,10.2740030289
67,11.3849534988
68,1.59598875046
69,3.51573467255
70,1.00777673721
71,14.9238395691
72,2.60251164436
73,3.91118860245
74,2.06666088104
75,6.83089256287
76,1.5729521513
77,0.943344831467
78,1.30308914185
79,16.4814987183
80,0.989955484867
81,0.972907185555
82,1.22900807858
83,3.01509213448
84,2.03146457672
85,4.93784475327
86,1.21132183075
87,3.60500383377
88,1.78121674061
89,3.06456971169
90,1.79888343811
91,1.10173344612
92,0.993351578712
93,2.76894116402
94,2.34119653702
95,0.948733389378
96,0.981554150581
97,10.25685215
98,3.30441641808
99,2.44226360321
100,4.15425157547
101,0.966926813126
102,3.32314944267
103,2.80726718903
104,3.1143040657
105,3.21422171593
106,5.74329805374
107,1.95462048054
108,0.958832263947
109,1.64855384827
110,1.63171410561
111,2.91973757744
112,2.53973293304
113,7.32969856262
114,1.10476112366
115,1.003916502
116,1.66635715961
117,12.1325836182
118,1.0208067894
119,1.08997058868
120,6.64044761658
121,12.008441925
122,3.96488690376
123,1.53571152687
124,6.21399641037
125,4.48267269135
126,1.09499740601
127,1.48217201233
128,4.88051462173
129,1.00591289997
130,3.25873351097
131,4.78652048111
132,3.7260863781
133,1.1351351738
134,1.93653273582
135,2.76743531227
136,0.948937535286
137,4.95050954819
138,2.48482608795
139,7.25005292892
140,4.33831310272
141,2.12612724304
142,10.3975543976
143,7.5467467308
144,2.95016765594
145,4.81152439117
146,3.99306607246
147,5.6046333313
148,1.58518087864
149,3.21475696564
150,1.00748133659
151,1.03718578815
152,1.27388143539
153,2.52070021629
154,1.65992820263
155,0.978276133537
156,2.90321350098
157,1.45595884323
158,0.952681541443
159,6.0215306282
160,1.05915725231
161,1.59959065914
162,5.67138814926
163,1.01288795471
164,2.61902236938
165,1.38032627106
166,0.990790128708
167,1.09792995453
168,3.00284028053
169,1.35474479198
170,1.9862382412
171,2.03193950653
172,1.08681988716
173,5.70693683624
174,1.61829030514
175,0.873916983604
176,4.35392427444
177,3.62226557732
178,1.42208766937
179,1.62527692318
180,2.17783260345
181,1.17671442032
182,5.51418733597
183,1.10773563385
184,1.00684571266
185,1.01800918579
186,2.17253088951
187,5.42722415924
188,2.93491053581
189,1.48765087128
190,1.04610049725
191,1.43087792397
192,9.22780799866
193,0.992933988571
194,1.7832018137
195,1.8441952467
196,5.73395252228
197,2.16383695602
198,1.74238300323
199,4.28561210632
200,1.21926236153
201,1.00296163559
202,1.0193811655
203,1.31806063652
204,1.3091211319
205,0.984907627106
206,1.95052838326
207,1.64896726608
208,2.62645292282
209,1.73692560196
210,1.00064718723
211,1.05692625046
212,0.824126362801
213,4.9566321373
214,1.31724619865
215,1.79491591454
216,1.84268248081
217,2.1049053669
218,1.33938097954
219,2.86544132233
220,2.04948234558
221,2.22265768051
222,0.984184265137
223,1.71601521969
224,0.986485958099
225,2.2042889595
226,3.85097908974
227,2.10034990311
228,5.10762214661
229,1.05745720863
230,2.39364504814
231,2.28448677063
232,1.76529419422
233,1.36291480064
234,3.41730260849
235,1.97717928886
236,1.31984400749
237,1.06418991089
238,0.97725045681
239,1.24927210808
240,0.983984947205
241,2.1199669838
242,2.08944964409
243,0.963730573654
244,1.27191495895
245,4.95591402054
246,1.68963992596
247,0.966026544571
248,2.64313149452
249,2.04135298729
250,1.99293088913
251,1.14081072807
252,1.41462421417
253,2.47941875458
254,2.39629006386
255,3.37842202187
256,1.74114215374
257,1.42943024635
258,2.34040021896
259,3.28126716614
260,2.38635969162
261,1.81415176392
262,1.7535315752
263,3.40586495399
264,0.960142970085
265,3.52614712715
266,2.3833937645
267,2.43397474289
268,1.64160752296
269,1.68131840229
270,1.90273213387
271,1.30072247982
272,1.67848777771
273,0.972639918327
274,1.22351384163
275,7.87458467484
276,5.14091157913
277,2.35032582283
278,1.49525713921
279,1.35049009323
280,1.100897789
281,3.50522232056
282,1.31960248947
283,0.907985806465
284,0.931847453117
285,0.91979765892
286,1.25718522072
287,1.63435280323
288,2.7844889164
289,0.965244293213
290,2.18276500702
291,1.11553895473
292,1.53252589703
293,2.93774318695
294,0.946839570999
295,1.75470364094
296,2.0043053627
297,1.63132321835
298,1.54961037636
299,0.987056136131
300,1.67335605621
301,0.98056781292
302,2.0466375351
303,1.10855746269
304,0.966063976288
305,4.35613059998
306,0.886573314667
307,0.986006975174
308,1.01047873497
309,1.046697855
310,1.03609013557
311,1.68154394627
312,0.860365152359
313,1.24002051353
314,2.52904963493
315,1.73214614391
316,0.993319511414
317,3.31421685219
318,1.23741722107
319,2.32869696617
320,1.82837891579
321,0.977849364281
322,1.17824935913
323,0.97310000658
324,3.99154782295
325,1.17102861404
326,2.65134549141
327,1.28038930893
328,0.971380114555
329,1.02523589134
330,1.0494300127
331,1.7436580658
332,1.10295951366
333,1.79279112816
334,2.89413094521
335,2.05798172951
336,1.70990526676
337,2.10325741768
338,5.95377874374
339,1.31595528126
340,0.963439822197
341,2.22084569931
342,2.39660668373
343,1.80748081207
344,1.51529765129
345,0.890148043633
346,1.10635876656
347,0.957598090172
348,1.2951169014
349,1.10502624512
350,3.46247649193
351,5.09684610367
352,0.950740337372
353,1.09071683884
354,1.85578632355
355,1.07761228085
356,1.01090359688
357,0.969316184521
358,1.2949514389
359,0.864943444729
360,0.860875248909
361,1.33515918255
362,1.05797171593
363,1.09448134899
364,0.99387550354
365,0.848104655743
366,1.89781618118
367,1.33142399788
368,1.65938484669
369,4.92434072495
370,1.27101254463
371,2.69260644913
372,1.05411958694
373,1.09659302235
374,2.42266988754
375,1.12055134773
376,6.69497919083
377,1.1309196949
378,1.62006139755
379,1.02235388756
380,1.9739035368
381,1.95334219933
382,1.0723965168
383,4.45641040802
384,0.976341784
385,1.68502724171
386,2.32264924049
387,2.47489309311
388,5.03450107574
389,1.73833763599
390,1.14536619186
391,1.97803485394
392,1.45551013947
393,1.09169054031
394,1.45827436447
395,2.28292798996
396,0.983600378036
397,1.00774586201
398,0.993059158325
399,1.01321339607
400,1.12644743919
401,1.1028072834
402,1.13342750072
403,1.73250436783
404,0.967594385147
405,1.87716448307
406,0.973067998886
407,0.975158751011
408,0.958505690098
409,1.37574982643
410,1.75941109657
411,0.974937558174
412,1.94274199009
413,3.04587316513
414,1.05928826332
415,1.0518887043
416,2.15196847916
417,1.0608253479
418,1.46271538734
419,1.24979782104
420,1.03232693672
421,0.98038828373
422,1.33711695671
423,1.08870172501
424,3.80570483208
425,1.26832425594
426,3.01517653465
427,1.11401033401
428,4.46148300171
429,1.07885992527
430,1.17613053322
431,2.41625022888
432,2.11903238297
433,5.42297315598
434,1.55904555321
435,1.3990855217
436,1.01485300064
437,0.98891711235
438,1.08469128609
439,1.32351219654
440,2.41822767258
441,0.961412906647
442,1.41974234581
443,0.945073843002
444,1.2398365736
445,1.2804274559
446,2.58596348763
447,1.245921731
448,1.0830373764
449,1.85310280323
450,1.36530399323
451,2.98245954514
452,1.00617194176
453,1.52371919155
454,1.00796627998
455,1.02997803688
456,1.02658188343
457,0.973851084709
458,1.8612164259
459,0.978097438812
460,2.19736099243
461,1.12634384632
462,1.04904806614
463,0.95500087738
464,0.970949530602
465,1.44599735737
466,1.28938913345
467,1.4201747179
468,1.14673686028
469,0.946767449379
470,0.965957820415
471,2.90444207191
472,1.68902289867
473,1.14655137062
474,1.34333872795
475,2.26645064354
476,2.78357481956
477,1.60595977306
478,2.04551410675
479,0.95932507515
480,2.07692146301
481,1.01972222328
482,1.12051403522
483,0.961370110512
484,1.42230463028
485,2.56973218918
486,2.19479799271
487,1.01999247074
488,1.9093080759
489,1.00229167938
490,1.28902864456
491,1.29752731323
492,1.92169976234
493,0.976561903954
494,1.56169700623
495,0.89343225956
496,2.87819552422
497,0.994098186493
498,1.16715192795
499,1.11766004562
500,1.31365203857
501,1.47075045109
502,1.1287946701
503,1.16539084911
504,1.89641988277
505,1.43908643723
506,1.03906524181
507,3.1318757534
508,1.05538916588
509,1.48395442963
510,2.13235139847
511,1.48479485512
512,1.147367239
513,1.25778651237
514,0.95836263895
515,1.03540492058
516,1.03162002563
517,3.56263256073
518,1.57697594166
519,1.02006149292
520,1.43082785606
521,1.50826990604
522,1.34712719917
523,3.89557361603
524,1.7058942318
525,1.48085772991
526,1.28173589706
527,1.30255055428
528,1.27533447742
529,2.32172012329
530,1.08772885799
531,0.99918794632
532,1.10870432854
533,1.47198462486
534,1.65324425697
535,1.48485004902
536,1.18757104874
537,4.23025608063
538,2.84213924408
539,2.66121244431
540,1.14544796944
541,1.46959114075
542,2.79474186897
543,1.61851477623
544,1.51083779335
545,0.982124209404
546,1.01803410053
547,0.986050248146
548,1.34542131424
549,1.0529294014
550,1.69040751457
551,1.00470948219
552,1.41024720669
553,1.48186016083
554,0.917313456535
555,0.954689264297
556,1.09627223015
557,0.968257248402
558,1.59178972244
559,2.5206155777
560,1.51534497738
561,1.48706626892
562,0.990332961082
563,1.32457709312
564,1.12069964409
565,0.97611117363
566,1.45087218285
567,1.83743309975
568,1.9160271883
569,1.43899154663
570,1.08306050301
571,0.971523523331
572,1.47949111462
573,1.07631897926
574,1.48246979713
575,0.967787981033
576,2.24055719376
577,1.2177708149
578,1.09428453445
579,1.18219733238
580,1.91499900818
581,1.03263020515
582,1.2667491436
583,0.985279679298
584,0.894347429276
585,2.05882740021
586,1.47913038731
587,1.86252772808
588,1.00095939636
589,0.969664692879
590,1.60418188572
591,1.72959911823
592,1.33401048183
593,1.1100512743
594,1.46525645256
595,0.895047545433
596,3.07186222076
597,1.03097653389
598,1.01223564148
599,3.77875566483
600,1.12659823895
601,0.986025512218
602,1.6666572094
603,1.32912182808
604,1.46356344223
605,1.08306121826
606,1.97282338142
607,1.08116209507
608,1.10288882256
609,0.955832481384
610,4.46303081512
611,2.02769947052
612,0.950822889805
613,0.980812430382
614,1.11318194866
615,0.872914195061
616,0.970895051956
617,1.34321737289
618,1.54510200024
619,3.31025695801
620,1.00226807594
621,5.40284729004
622,0.989309251308
623,0.988418221474
624,0.981572210789
625,1.08366727829
626,0.971718966961
627,1.14629101753
628,1.10083007812
629,1.09253883362
630,0.96845215559
631,0.970558404922
632,1.05743861198
633,0.980821073055
634,0.975504517555
635,1.09582924843
636,0.985942721367
637,0.937912285328
638,0.980821073055
639,0.992214083672
640,0.984445333481
641,1.04492211342
642,1.06516075134
643,0.978316903114
644,0.983692169189
645,0.968925237656
646,1.0643157959
647,0.987249612808
648,0.980074644089
649,0.992286145687
650,0.983692169189
651,1.08742928505
652,0.980821073055
653,0.993572473526
654,0.935930728912
655,0.860875248909
656,1.15369486809
657,0.956782877445
658,1.08482778072
659,0.985861420631
660,1.0599219799
661,0.974344015121
662,0.973111510277
663,1.10929298401
664,26.4250602722
665,9.24612522125
666,10.5742797852
667,3.32010269165
668,1.53036415577
669,4.17258930206
670,4.01195383072
671,5.58637809753
672,5.79362010956
673,6.17444896698
674,6.50421571732
675,4.77230882645
676,2.86387610435
677,2.26046657562
678,1.68474447727
679,3.73193740845
680,9.03466415405
681,3.54340910912
682,3.75989103317
683,3.25501918793
684,4.43967914581
685,1.5330183506
686,2.32118415833
687,10.2701406479
688,2.94782614708
689,4.15708827972
690,3.5650138855
691,1.65326762199
692,6.7956700325
693,3.09852457047
694,2.92364454269
695,4.05874919891
696,2.69366765022
697,2.55630898476
698,4.07129669189
699,4.32494926453
700,3.15573692322
701,2.83859229088
702,2.24942207336
703,2.21767830849
704,7.47689437866
705,2.43656826019
706,3.48968911171
707,3.41943645477
708,6.86497116089
709,2.24277591705
710,3.88588356972
711,2.70094370842
712,2.97480583191
713,1.45232915878
714,3.50867772102
715,1.50471913815
716,3.72351717949
717,2.63700437546
718,2.20742106438
719,1.97330081463
720,1.55697488785
721,1.89110779762
722,1.87063896656
723,2.38309669495
724,6.656457901
725,2.1556520462
726,1.95872712135
727,28.8940486908
728,3.7866692543
729,3.69734692574
730,1.73799300194
731,1.10365605354
732,5.08726072311
733,1.28664207458
734,2.63986897469
735,1.89262735844
736,2.66401338577
737,2.52086424828
738,2.20400476456
739,1.41284263134
740,2.22904109955
741,2.83692669868
742,5.83040237427
743,1.06980681419
744,2.14856815338
745,1.4109723568
746,4.33772182465
747,1.40265083313
748,1.90383696556
749,1.8223426342
750,2.64553546906
751,4.14598274231
752,2.50529360771
753,0.963738083839
754,3.97409081459
755,1.48261797428
756,3.57171273232
757,1.78398048878
758,2.28263807297
759,1.88082301617
760,3.30377388
761,0.920889496803
762,1.60209131241
763,1.69026124477
764,2.07820081711
765,2.45340943336
766,2.23913955688
767,0.993448734283
768,2.38312482834
769,4.67186355591
770,1.51280128956
771,1.53420460224
772,2.73803973198
773,18.5831546783
774,1.45792794228
775,3.902384758
776,3.02667999268
777,1.8087849617
778,2.36652612686
779,2.07959890366
780,1.9741332531
781,2.67011094093
782,2.70185875893
783,1.90586650372
784,2.61944723129
785,2.42775774002
786,1.77578318119
787,2.17855167389
788,2.13383483887
789,6.62942743301
790,12.9070510864
791,2.33785629272
792,1.43887031078
793,2.43977642059
794,6.57900476456
795,3.80841827393
796,1.71306085587
797,0.968567490578
798,2.28018212318
799,1.70584928989
800,3.05871558189
801,3.83471941948
802,1.15102434158
803,1.8271856308
804,4.45130825043
805,0.986064553261
806,1.71166467667
807,0.966972470284
808,2.93241453171
809,2.14339494705
810,1.88376641273
811,7.54960536957
812,1.92674827576
813,3.39418578148
814,1.8461124897
815,3.45319747925
816,1.82782542706
817,1.53145635128
818,2.11091923714
819,2.13155269623
820,1.00681424141
821,2.11527085304
822,0.975709855556
823,2.49818491936
824,1.86707878113
825,2.09173750877
826,3.42951083183
827,5.17538452148
828,1.4108376503
829,0.960441231728
830,1.00210785866
831,1.62328696251
832,4.31817817688
833,1.59123420715
834,3.28741502762
835,2.88693332672
836,1.77616524696
837,1.54243922234
838,2.22963547707
839,2.35452032089
840,2.47678661346
841,1.56798362732
842,1.36503243446
843,2.26104068756
844,1.61834919453
845,2.74160337448
846,1.93875157833
847,3.38767933846
848,1.62826049328
849,1.39271771908
850,1.42658948898
851,12.4107532501
852,2.41918945312
853,3.26533055305
854,0.986474990845
855,0.977722346783
856,2.5342874527
857,3.22549724579
858,1.97961306572
859,1.67319214344
860,1.9007679224
861,3.28354501724
862,0.997981905937
863,1.98109090328
864,1.83689153194
865,1.03169608116
866,3.16745233536
867,1.30744493008
868,2.38072562218
869,2.17023706436
870,2.61067652702
871,2.19826030731
872,1.71007192135
873,1.96041703224
874,1.89194321632
875,1.80517923832
876,3.00725054741
877,2.52803730965
878,0.959719598293
879,11.1205320358
880,2.92670559883
881,1.11559677124
882,1.74283909798
883,2.40056538582
884,1.62162280083
885,1.528824687
886,1.36023592949
887,0.962727844715
888,2.05158257484
889,5.13608407974
890,2.34630036354
891,0.934389412403
892,0.962262392044
893,1.52747297287
894,7.90101528168
895,2.58553886414
896,1.98948848248
897,1.44005250931
898,2.5761115551
899,1.76371383667
900,1.13510394096
901,0.978873372078
902,9.32222366333
903,0.969437122345
904,1.14077329636
905,1.47033262253
906,1.17691802979
907,1.82516157627
908,1.92048716545
909,2.36692380905
910,1.32106649876
911,1.41198372841
912,1.8222284317
913,1.32704210281
914,1.67354989052
915,1.44493842125
916,7.61401367188
917,1.46552944183
918,3.3626844883
919,2.27120161057
920,2.08322501183
921,2.68073153496
922,1.80961453915
923,2.07121276855
924,2.48106718063
925,1.43517017365
926,2.65246844292
927,8.21359729767
928,2.13302755356
929,0.949294686317
930,0.991776704788
931,1.4799618721
932,1.4620141983
933,1.18491625786
934,2.01712989807
935,1.21839737892
936,1.0092767477
937,1.39919543266
938,2.52224063873
939,2.33281040192
940,1.48914146423
941,3.23747611046
942,2.70744490623
943,2.66184210777
944,1.73462963104
945,1.65310001373
946,1.63644087315
947,2.01569604874
948,3.28136634827
949,1.5097028017
950,0.95865547657
951,1.74091875553
952,1.60340619087
953,2.02554321289
954,1.73631203175
955,1.59233081341
956,2.07820940018
957,1.21422600746
958,1.64119672775
959,6.17726898193
960,6.27238082886
961,1.91384863853
962,1.8542277813
963,2.88216662407
964,7.86657381058
965,3.81831073761
966,1.70512199402
967,1.18864631653
968,3.5268304348
969,3.58774495125
970,1.22932457924
971,1.2847224474
972,2.70464754105
973,1.14825618267
974,1.40707850456
975,2.76003170013
976,2.01626396179
977,3.21262145042
978,2.3367805481
979,1.90690767765
980,1.54736256599
981,3.78444600105
982,3.23607468605
983,3.98105621338
984,1.79446184635
985,1.46852791309
986,7.74552249908
987,2.75399875641
988,21.270690918
989,2.60449934006
990,1.49865674973
991,2.53644871712
992,1.28392291069
993,0.962449967861
994,2.12983059883
995,2.09019184113
996,7.43282842636
997,1.0879881382
998,2.2291932106
999,5.51857614517
1000,1.65107584
1001,2.23952102661
1002,1.60651552677
1003,2.55333471298
1004,3.40365314484
1005,2.22543215752
1006,1.77970767021
1007,14.3738880157
1008,1.02587974072
1009,2.51569890976
1010,1.10099005699
1011,2.11534881592
1012,0.815559625626
1013,1.65286076069
1014,1.13279151917
1015,2.78064513206
1016,2.5373840332
1017,0.944265902042
1018,0.970474839211
1019,1.16350269318
1020,4.92459344864
1021,2.85800814629
1022,2.06372737885
1023,3.58062791824
1024,5.11585044861
1025,1.77805018425
1026,0.933929085732
1027,1.52181375027
1028,2.0810008049
1029,2.72038602829
1030,6.60765457153
1031,1.47668147087
1032,1.49923086166
1033,1.69750106335
1034,0.95390689373
1035,0.973805904388
1036,4.14703941345
1037,6.18571138382
1038,1.71956026554
1039,1.21286892891
1040,1.46593523026
1041,1.65035974979
1042,1.7933524847
1043,1.39308035374
1044,1.30438971519
1045,1.78781378269
1046,1.50424110889
1047,1.48397803307
1048,2.50278830528
1049,2.50660467148
1050,0.941941976547
1051,1.74739837646
1052,2.19387793541
1053,1.01426672935
1054,2.97415781021
1055,1.63429772854
1056,1.94910466671
1057,3.04929304123
1058,1.12505674362
1059,1.59558641911
1060,0.942094087601
1061,1.95141148567
1062,1.08695602417
1063,3.00219750404
1064,1.37003159523
1065,1.80148863792
1066,2.5844810009
1067,0.960182309151
1068,1.52587664127
1069,1.5853509903
1070,2.82367825508
1071,5.04257631302
1072,2.4474093914
1073,0.97494417429
1074,1.92731797695
1075,0.910791277885
1076,0.945243358612
1077,1.26822030544
1078,1.90856635571
1079,2.68996787071
1080,1.51615548134
1081,4.13513898849
1082,0.951482653618
1083,0.954923629761
1084,1.12729310989
1085,1.51571178436
1086,5.18061923981
1087,3.13229489326
1088,1.41538405418
1089,2.15146255493
1090,1.13127446175
1091,0.873360276222
1092,2.46593379974
1093,2.00023603439
1094,1.93459379673
1095,4.34072732925
1096,1.30485653877
1097,9.80832767487
1098,0.949310064316
1099,2.39942741394
1100,2.32569479942
1101,1.28934454918
1102,1.96382987499
1103,3.23159408569
1104,7.08238601685
1105,0.968079686165
1106,4.8630156517
1107,0.964387774467
1108,1.53061330318
1109,0.979314267635
1110,0.960283994675
1111,1.11677348614
1112,2.43515586853
1113,3.39443516731
1114,1.69569528103
1115,0.965275645256
1116,0.940799713135
1117,2.08734703064
1118,1.11520564556
1119,2.08771657944
1120,1.26582086086
1121,3.83467578888
1122,3.40073752403
1123,0.983756303787
1124,1.58306479454
1125,0.971240520477
1126,1.87967467308
1127,1.05375409126
1128,1.7980632782
1129,0.97196495533
1130,1.27642774582
1131,1.86123538017
1132,0.959770083427
1133,3.20321083069
1134,1.45736849308
1135,3.58607602119
1136,1.52813005447
1137,4.35649776459
1138,0.990201711655
1139,1.56469833851
1140,2.05220031738
1141,2.07637691498
1142,1.61731803417
1143,2.78247570992
1144,6.2191362381
1145,3.86918258667
1146,1.95063102245
1147,1.42666935921
1148,3.51855826378
1149,7.25628232956
1150,1.58996593952
1151,1.47201478481
1152,1.51910638809
1153,3.22050738335
1154,1.16916131973
1155,3.19230175018
1156,1.70397412777
1157,2.74346256256
1158,1.52972948551
1159,1.86804497242
1160,2.21784687042
1161,1.30474627018
1162,4.99070978165
1163,0.960753321648
1164,1.28521633148
1165,4.12721538544
1166,16.4915046692
1167,2.02343964577
1168,3.30105185509
1169,1.30047523975
1170,1.78662645817
1171,2.14406204224
1172,1.26105570793
1173,2.20013260841
1174,1.64626574516
1175,1.0109128952
1176,2.61043095589
1177,1.18224549294
1178,1.54994380474
1179,2.20437121391
1180,1.01142179966
1181,2.75050187111
1182,1.83834910393
1183,0.902193963528
1184,2.00852537155
1185,2.00110387802
1186,2.66149902344
1187,1.21482682228
1188,1.61134421825
1189,3.85369729996
1190,1.47487616539
1191,1.31491219997
1192,0.960258424282
1193,1.77548515797
1194,8.36827468872
1195,1.13622140884
1196,1.99922657013
1197,1.94913613796
1198,2.2283680439
1199,0.93673735857
1200,1.8413746357
1201,1.52353346348
1202,1.58627021313
1203,1.24529004097
1204,1.12383556366
1205,1.22956323624
1206,0.934913635254
1207,1.22810733318
1208,1.71518492699
1209,1.27086925507
1210,2.34509277344
1211,1.26127743721
1212,3.36236739159
1213,2.93508481979
1214,1.12476491928
1215,2.21194314957
1216,2.07582783699
1217,0.935834288597
1218,2.47927594185
1219,0.885521829128
1220,1.83286881447
1221,2.14546179771
1222,1.13847947121
1223,1.00256156921
1224,0.933831036091
1225,1.69582724571
1226,2.01408720016
1227,1.50918245316
1228,0.999052762985
1229,1.91208779812
1230,7.74345684052
1231,0.949416995049
1232,1.75696885586
1233,1.97992801666
1234,1.01514554024
1235,1.00424385071
1236,2.19412851334
1237,1.86272406578
1238,1.4126265049
1239,1.15327429771
1240,1.29479432106
1241,2.16883325577
1242,1.22233939171
1243,0.883254528046
1244,1.93334269524
1245,0.989118456841
1246,1.68738639355
1247,2.68987417221
1248,0.889923334122
1249,1.02719926834
1250,4.27808761597
1251,1.42955470085
1252,0.920889496803
1253,0.990756630898
1254,2.57365298271
1255,1.86939299107
1256,1.31432509422
1257,0.964050173759
1258,1.14181983471
1259,0.948975920677
1260,2.54211211205
1261,1.68012917042
1262,1.01897251606
1263,1.31736171246
1264,0.960117340088
1265,1.27615940571
1266,1.03163337708
1267,1.38452231884
1268,0.981593847275
1269,3.0076072216
1270,0.953139781952
1271,2.00180053711
1272,1.56869840622
1273,1.7517875433
1274,0.893990516663
1275,0.969556808472
1276,4.34485816956
1277,1.59177660942
1278,1.18797969818
1279,0.985639870167
1280,1.17606973648
1281,1.22146868706
1282,0.957091093063
1283,2.07528734207
1284,1.4644780159
1285,0.956860840321
1286,1.77921891212
1287,1.01539385319
1288,0.979480743408
1289,1.00414228439
1290,0.986846148968
1291,0.892968297005
1292,1.82617485523
1293,2.73484897614
1294,2.78466010094
1295,1.93989348412
1296,2.22186422348
1297,1.91185879707
1298,1.03180968761
1299,1.02356278896
1300,2.45866775513
1301,0.94557595253
1302,1.73004639149
1303,1.49972295761
1304,1.77943563461
1305,1.11535382271
1306,1.55741000175
1307,1.2769690752
1308,1.11538434029
1309,1.56243622303
1310,0.98021030426
1311,1.7609796524
1312,0.96343845129
1313,0.951208591461
1314,1.66847813129
1315,1.00854718685
1316,1.35049891472
1317,0.975697636604
1318,1.68783092499
1319,1.20735168457
1320,3.50976467133
1321,1.23500704765
1322,0.886334598064
1323,1.00298798084
1324,1.96747219563
1325,0.998958349228
1326,1.24053633213
1327,0.956270813942
1328,2.83718585968
1329,1.52342200279
1330,1.4524936676
1331,1.00512456894
1332,1.54807436466
1333,0.972939550877
1334,2.02092695236
1335,1.02400493622
1336,1.21376729012
1337,1.00301527977
1338,1.01101815701
1339,1.05453896523
1340,1.33061945438
1341,1.08319818974
1342,1.38808083534
1343,0.971787571907
1344,2.93218851089
1345,1.61325466633
1346,1.00732755661
1347,1.68566823006
1348,1.48396551609
1349,1.00998425484
1350,1.3349455595
1351,1.32016277313
1352,1.5521556139
1353,1.28178727627
1354,2.57718467712
1355,2.99534487724
1356,1.70697057247
1357,1.01314401627
1358,1.71248149872
1359,3.38093209267
1360,1.56288468838
1361,1.00532650948
1362,1.50173509121
1363,1.26065731049
1364,0.958262562752
1365,3.96080136299
1366,1.4973359108
1367,0.962858915329
1368,1.01084852219
1369,0.972931027412
1370,0.950325846672
1371,1.6328086853
1372,1.42493391037
1373,0.976002514362
1374,1.00140213966
1375,1.02046811581
1376,1.00675499439
1377,2.185328722
1378,1.94188094139
1379,0.979458212852
1380,1.65858995914
1381,1.43162560463
1382,1.67117655277
1383,1.22027802467
1384,1.78636157513
1385,2.98305797577
1386,0.892004668713
1387,1.4364554882
1388,0.881379365921
1389,0.953971266747
1390,1.88815021515
1391,0.772303104401
1392,0.971096634865
1393,1.62839221954
1394,1.03563177586
1395,1.28451681137
1396,0.872455716133
1397,0.966361641884
1398,2.88306307793
1399,2.5687391758
1400,0.951801359653
1401,1.66034567356
1402,3.74910354614
1403,1.31632304192
1404,1.97245597839
1405,1.00156009197
1406,1.27830696106
1407,1.48492014408
1408,1.14870667458
1409,2.51777672768
1410,1.17280995846
1411,0.973138034344
1412,1.38958406448
1413,3.45078015327
1414,1.01141107082
1415,0.989170372486
1416,1.35661005974
1417,0.889235556126
1418,1.45360696316
1419,0.954280972481
1420,1.00078880787
1421,1.83396053314
1422,0.994013428688
1423,1.01109826565
1424,0.985332250595
1425,1.00303328037
1426,5.92830467224
1427,1.17561721802
1428,1.58325135708
1429,0.970064580441
1430,1.48029875755
1431,1.00365769863
1432,2.65416574478
1433,2.30217027664
1434,0.981560945511
1435,0.91409277916
1436,1.81793916225
1437,1.89881467819
1438,1.00084519386
1439,0.95406216383
1440,1.9256105423
1441,2.09648418427
1442,1.00815987587
1443,1.58896374702
1444,0.981428742409
1445,0.949193954468
1446,1.25910687447
1447,1.90846645832
1448,0.941874742508
1449,0.999214589596
1450,2.30050516129
1451,2.3840637207
1452,0.987896442413
1453,1.75014293194
1454,0.989774167538
1455,1.35706472397
1456,0.964289903641
1457,3.71847820282
1458,1.00994968414
1459,1.18840026855
1460,1.43407177925
1461,0.998934864998
1462,1.67074751854
1463,1.91407036781
1464,1.50359201431
1465,0.868261277676
1466,1.2242846489
1467,0.904880404472
1468,1.02722215652
1469,1.74082171917
1470,1.03053796291
1471,0.990739405155
1472,1.65084636211
1473,0.848547816277
1474,2.38807153702
1475,0.880236506462
1476,1.39126360416
1477,1.97476065159
1478,1.71353566647
1479,1.00348806381
1480,1.42810225487
1481,0.987167835236
1482,0.988042473793
1483,1.79361093044
1484,1.32429790497
1485,1.3658516407
1486,2.41555690765
1487,0.986449360847
1488,1.02026176453
1489,1.46972179413
1490,1.75529825687
1491,1.01738905907
1492,1.41025161743
1493,1.0023393631
1494,1.29222536087
1495,0.95590865612
1496,1.2529065609
1497,1.38712191582
1498,1.32454788685
1499,1.01457715034
1500,1.04039251804
1501,2.03529334068
1502,1.13410675526
1503,2.44815635681
1504,1.00797355175
1505,0.874816894531
1506,2.00608801842
1507,0.988276600838
1508,1.92709040642
1509,1.31556415558
1510,1.03233850002
1511,1.21478903294
1512,1.9055634737
1513,1.38713121414
1514,0.956141591072
1515,1.64264476299
1516,1.27214360237
1517,1.39372122288
1518,0.929973900318
1519,2.82980537415
1520,1.73522853851
1521,1.7641711235
1522,1.62332963943
1523,1.24189710617
1524,0.957800626755
1525,1.59100830555
1526,1.17263841629
1527,1.42315638065
1528,1.27230477333
1529,1.63366043568
1530,1.42176151276
1531,0.994404315948
1532,1.65288519859
1533,1.40632522106
1534,2.39680957794
1535,1.00538790226
1536,2.25727128983
1537,1.83117902279
1538,1.48394417763
1539,1.267827034
1540,1.18916249275
1541,1.36893606186
1542,1.02665042877
1543,1.47239530087
1544,0.918517351151
1545,0.961438417435
1546,1.18740725517
1547,0.880561590195
1548,0.995455741882
1549,1.90676832199
1550,2.15964460373
1551,1.15270531178
1552,0.994975686073
1553,0.837765216827
1554,1.01545548439
1555,1.37964713573
1556,1.09724652767
1557,3.56704473495
1558,1.19979715347
1559,0.973626852036
1560,1.35741186142
1561,1.12822949886
1562,2.7368812561
1563,3.94700050354
1564,0.988223969936
1565,1.11818540096
1566,7.02042388916
1567,1.00248527527
1568,1.69655120373
1569,0.981241822243
1570,0.906205058098
1571,0.978088140488
1572,0.990218281746
1573,0.99219083786
1574,1.55619871616
1575,1.00608682632
1576,1.54982435703
1577,1.14622056484
1578,1.95780479908
1579,0.99095416069
1580,0.964663028717
1581,0.974442720413
1582,1.00395512581
1583,2.18170118332
1584,0.804694592953
1585,1.01695001125
1586,0.96904194355
1587,1.6109559536
1588,1.02067279816
1589,1.13051271439
1590,1.31331264973
1591,1.49724984169
1592,1.30620539188
1593,9.41399288177
1594,5.83644628525
1595,0.90146780014
1596,1.02810335159
1597,1.91923213005
1598,1.04121136665
1599,0.98744982481
1600,1.00775063038
1601,1.01640701294
1602,1.50984764099
1603,1.95581662655
1604,2.7142367363
1605,1.38693881035
1606,1.78516113758
1607,0.969452500343
1608,0.995680093765
1609,2.69855356216
1610,0.984782040119
1611,1.31493139267
1612,0.989354372025
1613,4.12376737595
1614,1.01077914238
1615,0.97987049818
1616,1.52332031727
1617,1.22004985809
1618,1.81742787361
1619,1.00668644905
1620,0.944872617722
1621,1.43168234825
1622,0.966170430183
1623,1.83878731728
1624,1.72678899765
1625,1.43661546707
1626,0.999802589417
1627,3.16070866585
1628,0.961083054543
1629,2.57668161392
1630,1.44269728661
1631,0.972515583038
1632,1.66937446594
1633,1.00535368919
1634,1.01797819138
1635,1.96148371696
1636,2.34412646294
1637,1.86006343365
1638,1.00131130219
1639,3.40812206268
1640,0.989163756371
1641,1.26154971123
1642,1.6214786768
1643,1.89191436768
1644,1.23774588108
1645,0.999731183052
1646,1.43277013302
1647,1.56919085979
1648,1.00904071331
1649,1.59649026394
1650,1.5677716732
1651,0.997574746609
1652,1.23445439339
1653,1.96501493454
1654,1.42470395565
1655,1.5420075655
1656,0.920889496803
1657,1.27134883404
1658,0.962722301483
1659,1.84863591194
1660,0.894769430161
1661,0.987905144691
1662,0.986491203308
1663,0.96898317337
1664,2.0628323555
1665,0.942754864693
1666,0.837803304195
1667,2.57527446747
1668,2.22279453278
1669,0.892704963684
1670,0.929456233978
1671,1.00037932396
1672,0.992352306843
1673,0.935894608498
1674,1.47317075729
1675,0.981402873993
1676,1.48939859867
1677,1.06081104279
1678,1.00614213943
1679,1.77489626408
1680,1.48719489574
1681,0.950135469437
1682,3.49618411064
1683,1.39955639839
1684,4.56602525711
1685,1.53241360188
1686,1.02597117424
1687,1.58328235149
1688,1.01882326603
1689,1.73254394531
1690,1.02502286434
1691,0.965493023396
1692,1.66341423988
1693,2.29730224609
1694,2.30117511749
1695,1.88799345493
1696,1.2598927021
1697,0.995037913322
1698,1.93601894379
1699,3.73893618584
1700,1.15781736374
1701,0.877781152725
1702,0.955992221832
1703,0.918572068214
1704,0.93193936348
1705,0.953164458275
1706,0.966305732727
1707,0.953797340393
1708,0.97887814045
1709,0.968507051468
1710,0.937850832939
1711,0.953490972519
1712,0.907959580421
1713,0.974543213844
1714,0.940428495407
1715,0.902526974678
1716,0.955263257027
1717,0.967488884926
1718,0.954522907734
1719,0.954522907734
1720,0.992360115051
1721,0.920889496803
1722,0.93193936348
1723,0.901152431965
1724,1.77519571781
1725,0.959133982658
1726,0.940428495407
1727,0.97046238184
1728,0.985882282257
1729,0.994054555893
1730,0.88939923048
1731,0.902495622635
1732,2.16147470474
1733,0.904089927673
1734,0.935994625092
1735,0.948443293571
1736,0.973346829414
1737,0.963770568371
1738,0.969301819801
1739,0.991224229336
1740,0.965223193169
1741,0.937927186489
1742,0.97887814045
1743,1.00102221966
1744,0.953490972519
1745,0.984100222588
1746,0.977852582932
1747,0.964931130409
1748,0.940352082253
1749,20.4139308929
1750,29.7808418274
1751,4.55984735489
1752,17.0847835541
1753,4.22956943512
1754,34.6714134216
1755,1.06087732315
1756,7.78930234909
1757,16.457490921
1758,17.752494812
1759,17.2029151917
1760,11.3523263931
1761,18.3705272675
1762,6.83385229111
1763,2.86660552025
1764,9.05079746246
1765,11.6999511719
1766,1.95678925514
1767,6.80013132095
1768,3.13698792458
1769,20.9357299805
1770,2.16569137573
1771,8.13097381592
1772,1.92277634144
1773,1.73188495636
1774,1.74705517292
1775,5.27855205536
1776,9.38109779358
1777,3.48920154572
1778,10.9903202057
1779,6.79885625839
1780,1.07222628593
1781,17.1312198639
1782,5.0318608284
1783,3.82341504097
1784,4.45661783218
1785,13.3793048859
1786,2.47370696068
1787,13.8666763306
1788,8.47282886505
1789,2.96505951881
1790,0.992655336857
1791,9.35601902008
1792,5.94614601135
1793,5.37515687943
1794,5.1626663208
1795,8.78756141663
1796,4.0927696228
1797,5.08200550079
1798,1.19817256927
1799,4.81401395798
1800,4.22144412994
1801,4.32631492615
1802,5.72491121292
1803,2.74231767654
1804,5.90135478973
1805,8.0233707428
1806,1.92102658749
1807,7.70758342743
1808,2.21901082993
1809,1.13145291805
1810,2.31225204468
1811,1.17899096012
1812,2.82972002029
1813,6.4351568222
1814,8.5638999939
1815,8.61188983917
1816,7.09630680084
1817,1.09161961079
1818,15.3515338898
1819,4.68944740295
1820,5.86873102188
1821,2.20921134949
1822,3.01140093803
1823,3.07359147072
1824,8.36505126953
1825,1.37931632996
1826,1.60516881943
1827,2.64412546158
1828,4.94109869003
1829,5.58432865143
1830,1.37627184391
1831,1.0768995285
1832,3.48870396614
1833,8.9451379776
1834,2.76650667191
1835,2.21300029755
1836,1.08691644669
1837,2.41723060608
1838,1.90145945549
1839,3.79227805138
1840,13.3035058975
1841,2.21429443359
1842,5.70563554764
1843,1.07318305969
1844,2.96732211113
1845,7.34170246124
1846,3.14582681656
1847,5.30060386658
1848,1.64900267124
1849,5.1109919548
1850,3.40108776093
1851,2.6033475399
1852,6.95346832275
1853,4.89383125305
1854,7.46715784073
1855,3.49779963493
1856,2.57326936722
1857,1.0018042326
1858,11.3984003067
1859,3.68100094795
1860,1.25645148754
1861,3.01034116745
1862,16.2113113403
1863,4.1865696907
1864,1.61604309082
1865,3.86052727699
1866,1.95081007481
1867,5.54302167892
1868,5.1118812561
1869,2.83829212189
1870,9.45984554291
1871,3.07681512833
1872,8.86394023895
1873,1.93286323547
1874,3.09329485893
1875,12.615105629
1876,1.9608130455
1877,2.59424877167
1878,1.11875033379
1879,1.95439934731
1880,2.35434436798
1881,5.08498573303
1882,2.57351136208
1883,3.87504291534
1884,1.96709799767
1885,4.17016220093
1886,2.17453050613
1887,5.73952913284
1888,1.35349297523
1889,1.28354310989
1890,9.57570075989
1891,4.2753276825
1892,3.03232049942
1893,11.826292038
1894,1.0710978508
1895,3.44394683838
1896,1.98682117462
1897,2.30608892441
1898,1.89379787445
1899,1.58630478382
1900,6.1243185997
1901,1.05255198479
1902,4.28842782974
1903,3.25218176842
1904,2.05639100075
1905,10.0820236206
1906,6.12002420425
1907,1.6190700531
1908,4.14104747772
1909,7.04209709167
1910,0.968675255775
1911,2.70466685295
1912,5.66838979721
1913,2.68404722214
1914,1.59816777706
1915,2.83278822899
1916,5.90416145325
1917,1.09343492985
1918,7.46328115463
1919,0.92016017437
1920,3.96696567535
1921,1.06734609604
1922,8.88149166107
1923,1.13710308075
1924,1.38863658905
1925,3.46748447418
1926,5.86984968185
1927,3.52157235146
1928,12.6158456802
1929,1.66770613194
1930,1.58060002327
1931,3.22633433342
1932,1.75451314449
1933,6.73280525208
1934,2.66205954552
1935,1.58383274078
1936,7.92515707016
1937,0.985093832016
1938,3.00131726265
1939,5.46644687653
1940,4.64368915558
1941,3.24459958076
1942,1.01375329494
1943,2.71943593025
1944,6.86322593689
1945,1.34607720375
1946,3.27877473831
1947,7.48147821426
1948,2.70062828064
1949,1.90258741379
1950,4.56075906754
1951,3.17857813835
1952,3.88605904579
1953,12.4314966202
1954,4.57288646698
1955,5.44989728928
1956,1.07147669792
1957,7.05216264725
1958,1.22169232368
1959,3.21444153786
1960,2.43427968025
1961,1.7878549099
1962,1.79421687126
1963,14.2934684753
1964,4.2040977478
1965,0.974167227745
1966,1.11333167553
1967,1.07391309738
1968,1.59436368942
1969,6.03698015213
1970,1.84840524197
1971,1.85206234455
1972,4.33621263504
1973,1.94364130497
1974,1.84297680855
1975,1.81400966644
1976,1.07653784752
1977,6.32537746429
1978,4.20503759384
1979,2.93365526199
1980,1.21870470047
1981,1.58315038681
1982,3.26303744316
1983,2.97174119949
1984,2.00555515289
1985,1.05143356323
1986,3.82598876953
1987,1.09467148781
1988,2.72996139526
1989,1.0630903244
1990,2.13853979111
1991,2.20235729218
1992,3.107868433
1993,3.11923193932
1994,1.42445492744
1995,2.69102263451
1996,1.59194469452
1997,5.31183671951
1998,2.04606103897
1999,3.24175143242
2000,1.40813076496
2001,1.06698048115
2002,1.32699012756
2003,3.51094603539
2004,4.99275016785
2005,1.0680346489
2006,2.29579544067
2007,1.55886411667
2008,3.61462211609
2009,3.89228534698
2010,2.32695484161
2011,1.88614475727
2012,2.11415505409
2013,5.27009010315
2014,5.63441371918
2015,4.01586532593
2016,1.05050897598
2017,1.43993854523
2018,1.12296104431
2019,3.07474946976
2020,1.03562963009
2021,2.63103461266
2022,1.28518426418
2023,4.17560863495
2024,4.2345905304
2025,1.06772720814
2026,1.07910132408
2027,0.993919968605
2028,3.71703839302
2029,3.32831025124
2030,1.05330204964
2031,5.3379945755
2032,2.09236383438
2033,0.976958274841
2034,1.3388671875
2035,1.10344576836
2036,1.14539885521
2037,1.27260255814
2038,1.36776268482
2039,1.70225012302
2040,9.09389305115
2041,0.98168194294
2042,3.61651015282
2043,1.90811610222
2044,2.96801495552
2045,5.32383441925
2046,1.275400877
2047,8.06040477753
2048,3.5903429985
2049,1.62845098972
2050,1.93504202366
2051,3.48126626015
2052,0.972830295563
2053,1.06251752377
2054,1.95648479462
2055,1.06793069839
2056,3.91009402275
2057,3.54467725754
2058,2.55670428276
2059,1.74741280079
2060,3.13335180283
2061,1.16281437874
2062,2.25412607193
2063,0.962176322937
2064,1.1904103756
2065,4.47911930084
2066,1.42479515076
2067,2.25538110733
2068,1.06560111046
2069,1.02458739281
2070,2.66277074814
2071,4.07388687134
2072,1.23511743546
2073,1.15667796135
2074,1.06102585793
2075,1.99559819698
2076,1.11782169342
2077,2.75634860992
2078,1.60711944103
2079,1.09599471092
2080,3.33725738525
2081,0.861815452576
2082,2.01642918587
2083,2.35563588142
2084,1.98840868473
2085,1.03160142899
2086,1.32664585114
2087,3.51987719536
2088,1.81636917591
2089,2.30824565887
2090,1.05785763264
2091,2.10295391083
2092,2.75623989105
2093,6.14253473282
2094,1.10041463375
2095,6.45822715759
2096,1.39359283447
2097,1.59637403488
2098,3.31589365005
2099,2.47859191895
2100,1.92310750484
2101,0.971842885017
2102,1.7894244194
2103,4.42125797272
2104,2.40114831924
2105,4.00975322723
2106,1.05742001534
2107,1.94080996513
2108,2.28432106972
2109,2.4264793396
2110,1.05734992027
2111,2.04620170593
2112,1.02147698402
2113,2.4410238266
2114,2.07084512711
2115,0.821441113949
2116,2.93123006821
2117,1.50736153126
2118,1.52866148949
2119,1.17881083488
2120,2.03878879547
2121,1.08187651634
2122,0.886362791061
2123,3.84096598625
2124,1.06256914139
2125,4.69692850113
2126,1.42364168167
2127,1.07477283478
2128,1.00550425053
2129,1.09107637405
2130,1.11419391632
2131,1.07436668873
2132,1.07213330269
2133,1.88716411591
2134,0.944409012794
2135,0.990737080574
2136,1.02371406555
2137,1.42122161388
2138,1.40925121307
2139,1.07776403427
2140,1.99629354477
2141,2.03020977974
2142,1.56812000275
2143,1.1028907299
2144,2.211789608
2145,1.06378054619
2146,1.41504621506
2147,3.15851187706
2148,2.09998083115
2149,2.01738834381
2150,4.12010669708
2151,3.36627435684
2152,1.65295028687
2153,3.49124765396
2154,2.72019553185
2155,3.19463276863
2156,1.87094926834
2157,1.4727241993
2158,1.02968287468
2159,1.06393194199
2160,0.995884895325
2161,2.26577615738
2162,4.1455450058
2163,1.14814591408
2164,2.04424595833
2165,1.32932567596
2166,1.02031981945
2167,3.30115461349
2168,1.83865118027
2169,1.20933032036
2170,1.03008961678
2171,1.04469406605
2172,1.04732167721
2173,3.36249637604
2174,0.989010572433
2175,1.18756890297
2176,1.07240176201
2177,0.976678550243
2178,0.980892837048
2179,1.4277009964
2180,1.5304813385
2181,1.78151202202
2182,2.17749428749
2183,1.08941745758
2184,1.47237932682
2185,1.59342300892
2186,0.968755960464
2187,1.42093908787
2188,2.08899140358
2189,1.064245224
2190,2.55735015869
2191,1.2958509922
2192,1.99246418476
2193,1.00745356083
2194,2.76815581322
2195,0.970038056374
2196,3.97651147842
2197,1.50232481956
2198,0.887232899666
2199,1.9288547039
2200,2.18545818329
2201,1.07206726074
2202,1.3531370163
2203,2.8743853569
2204,1.64387571812
2205,1.61614751816
2206,1.59232771397
2207,3.58609485626
2208,1.55368721485
2209,2.50154948235
2210,3.16701078415
2211,1.30318963528
2212,1.02262020111
2213,4.44301509857
2214,1.63833010197
2215,1.14059412479
2216,1.47671759129
2217,1.30956459045
2218,1.25886833668
2219,1.08163118362
2220,2.71553897858
2221,1.4483397007
2222,0.984630465508
2223,1.11043810844
2224,1.06082737446
2225,1.02870535851
2226,1.03472471237
2227,1.07429599762
2228,1.04965019226
2229,1.54549396038
2230,1.66614878178
2231,3.01046943665
2232,1.04569339752
2233,1.28748345375
2234,1.05867671967
2235,1.09410953522
2236,1.03254961967
2237,1.33218979836
2238,1.38216042519
2239,1.44159817696
2240,0.972771525383
2241,0.93469119072
2242,1.00574398041
2243,2.35701131821
2244,1.46062624454
2245,1.04876732826
2246,3.2720849514
2247,1.14560186863
2248,1.51958191395
2249,1.06140291691
2250,0.98213493824
2251,1.06989753246
2252,2.74566173553
2253,0.966998696327
2254,1.06657075882
2255,2.11281085014
2256,2.42872190475
2257,0.916362047195
2258,0.977588295937
2259,2.10360431671
2260,2.22204971313
2261,1.30979251862
2262,1.68055391312
2263,1.03299546242
2264,1.06746661663
2265,2.16918516159
2266,2.0114376545
2267,1.00891268253
2268,0.954946577549
2269,1.66381144524
2270,1.06016528606
2271,1.76356160641
2272,1.65120780468
2273,0.956413984299
2274,1.02504682541
2275,1.71343457699
2276,1.35980987549
2277,0.946865081787
2278,2.09489870071
2279,1.44056248665
2280,1.06666100025
2281,1.27707672119
2282,1.07515180111
2283,2.41249895096
2284,1.38950228691
2285,1.28444433212
2286,1.03752362728
2287,1.97615861893
2288,3.23492002487
2289,1.07656848431
2290,1.67410254478
2291,5.50423002243
2292,1.3885705471
2293,1.17749524117
2294,3.30434298515
2295,1.20863628387
2296,1.49110138416
2297,2.95663094521
2298,1.5352588892
2299,0.984493970871
2300,1.09614551067
2301,1.10511875153
2302,1.83199453354
2303,1.5654001236
2304,5.04096794128
2305,1.04334104061
2306,1.44134759903
2307,1.66684675217
2308,3.55584859848
2309,1.23268294334
2310,1.68354415894
2311,1.54228115082
2312,1.11392378807
2313,1.28792881966
2314,2.68836927414
2315,1.00722146034
2316,1.76228761673
2317,1.08720779419
2318,1.10617303848
2319,0.970979690552
2320,1.10187315941
2321,0.949512898922
2322,1.13050937653
2323,1.02970170975
2324,0.976305305958
2325,0.976042509079
2326,1.12178742886
2327,2.87501692772
2328,1.90926802158
2329,2.56053256989
2330,2.20729112625
2331,1.28690052032
2332,3.34876322746
2333,1.07932496071
2334,1.07292628288
2335,2.22234869003
2336,1.50014543533
2337,1.05674552917
2338,1.07223927975
2339,2.0178027153
2340,1.1175224781
2341,0.924133777618
2342,0.905999481678
2343,1.80923604965
2344,2.5691652298
2345,1.46058821678
2346,1.43072748184
2347,2.21653413773
2348,1.08200967312
2349,1.36400675774
2350,3.53851294518
2351,3.11466240883
2352,7.05370950699
2353,1.05025148392
2354,3.19604539871
2355,2.00207233429
2356,1.10070443153
2357,1.56394541264
2358,1.05362594128
2359,1.61392521858
2360,1.33838057518
2361,0.915130257607
2362,1.03284025192
2363,1.53671336174
2364,1.23527741432
2365,1.05348396301
2366,1.10414600372
2367,1.83074903488
2368,2.23873901367
2369,2.81669259071
2370,1.0795211792
2371,1.24002933502
2372,0.996566474438
2373,1.07288730145
2374,2.35797381401
2375,1.45202517509
2376,0.974193453789
2377,1.10800433159
2378,1.96055412292
2379,1.12934541702
2380,1.11653780937
2381,0.854783892632
2382,1.09317803383
2383,2.37756538391
2384,2.67749977112
2385,1.10244894028
2386,2.28251409531
2387,2.22494649887
2388,1.73583579063
2389,1.76039707661
2390,1.00697588921
2391,1.16634988785
2392,1.09522628784
2393,1.92879509926
2394,1.35408127308
2395,1.06579113007
2396,1.85452723503
2397,1.49590599537
2398,1.58939349651
2399,0.980450749397
2400,2.37175989151
2401,2.63499474525
2402,1.06297779083
2403,1.26474738121
2404,3.87198448181
2405,2.8024930954
2406,1.62669527531
2407,1.5139080286
2408,0.919938206673
2409,0.999811649323
2410,1.05056929588
2411,1.00329852104
2412,1.09577465057
2413,2.10518193245
2414,0.989147424698
2415,1.45524346828
2416,2.15503382683
2417,1.04016065598
2418,1.07429742813
2419,1.12874388695
2420,0.973849594593
2421,1.2544260025
2422,2.34370851517
2423,1.07307839394
2424,1.54309666157
2425,9.20442962646
2426,1.08512830734
2427,1.03138256073
2428,3.11409759521
2429,2.71105241776
2430,3.14533877373
2431,1.37500202656
2432,1.50117111206
2433,1.00318098068
2434,2.7768266201
2435,2.92350196838
2436,0.892454743385
2437,2.15754199028
2438,1.7974511385
2439,1.14106750488
2440,1.03053855896
2441,2.05570077896
2442,1.07211065292
2443,7.9754281044
2444,4.74542570114
2445,1.09230709076
2446,1.0944788456
2447,1.36398983002
2448,1.3844769001
2449,1.44695031643
2450,1.74022698402
2451,1.40904641151
2452,0.975132286549
2453,1.05980432034
2454,1.20524609089
2455,4.16697025299
2456,1.31631684303
2457,1.0628426075
2458,1.8110781908
2459,1.06594836712
2460,0.88908469677
2461,1.08416795731
2462,1.25799369812
2463,0.94458758831
2464,0.940283596516
2465,1.04164743423
2466,1.26387286186
2467,1.02345252037
2468,1.05351090431
2469,1.15102612972
2470,1.58206021786
2471,2.96701025963
2472,0.911237835884
2473,1.78583419323
2474,1.4251075983
2475,1.04046678543
2476,1.08512306213
2477,1.36582863331
2478,3.47211170197
2479,0.935452640057
2480,1.08089005947
2481,1.06685638428
2482,1.05816411972
2483,0.924043297768
2484,1.37689518929
2485,1.09522628784
2486,1.06109976768
2487,0.926717758179
2488,1.05002784729
2489,1.02147698402
2490,1.02428936958
2491,1.07972943783
2492,1.06921410561
2493,1.07148361206
2494,0.950390219688
2495,1.09045386314
2496,1.08465123177
2497,0.777700841427
2498,1.0404471159
2499,1.05816411972
2500,0.900431573391
2501,1.07373940945
2502,0.920487999916
2503,1.06097650528
2504,0.952890992165
2505,0.965101480484
2506,1.09570121765
2507,0.956413984299
2508,1.0711183548
2509,0.912118017673
2510,0.960188269615
2511,1.05653345585
2512,0.909948885441
2513,0.912317872047
2514,1.07148361206
2515,1.08465123177
2516,0.936750292778
2517,1.02031362057
2518,1.08924555779
2519,26.2144355774
2520,14.2519712448
2521,17.2898921967
2522,26.218044281
2523,10.5161333084
2524,6.11349105835
2525,19.513376236
2526,31.6068134308
2527,1.30037522316
2528,22.8820590973
2529,2.98212456703
2530,13.0982789993
2531,11.7848320007
2532,2.6801712513
2533,6.19863653183
2534,3.90944910049
2535,2.98093891144
2536,1.01811528206
2537,2.33814954758
2538,1.04453575611
2539,1.84081208706
2540,5.11388778687
2541,7.51058101654
2542,1.49844694138
2543,4.71138095856
2544,7.18900537491
2545,4.00126934052
2546,4.84620380402
2547,2.43043804169
2548,4.36837100983
2549,4.3326997757
2550,10.4522008896
2551,5.55216026306
2552,1.01374936104
2553,3.02808499336
2554,7.63795566559
2555,1.98681461811
2556,4.19251251221
2557,1.07705044746
2558,1.9023462534
2559,6.29208707809
2560,3.87113857269
2561,4.63907003403
2562,6.95711660385
2563,2.36421775818
2564,4.81118965149
2565,4.09915399551
2566,0.998893022537
2567,6.10798120499
2568,2.21309757233
2569,5.76707744598
2570,6.64317941666
2571,2.72853088379
2572,5.26092195511
2573,2.20780611038
2574,3.25395035744
2575,5.81743097305
2576,1.86245918274
2577,1.20923268795
2578,1.02369642258
2579,5.89333868027
2580,5.41652822495
2581,5.78434753418
2582,7.71225309372
2583,2.18596458435
2584,1.01527917385
2585,2.04055786133
2586,4.82800245285
2587,2.93180084229
2588,4.47772979736
2589,3.31446862221
2590,5.63117599487
2591,0.995146334171
2592,4.03600025177
2593,5.98714494705
2594,5.16850280762
2595,2.8655500412
2596,3.47859740257
2597,2.95741510391
2598,0.976891994476
2599,2.79745483398
2600,2.50628137589
2601,11.5648946762
2602,1.90509021282
2603,3.88723921776
2604,2.70382666588
2605,8.36106872559
2606,4.52762985229
2607,2.54924201965
2608,0.974466204643
2609,8.88338756561
2610,10.6138143539
2611,1.72897922993
2612,3.5964744091
2613,7.87607145309
2614,6.25778961182
2615,5.00120925903
2616,10.3534193039
2617,3.50875711441
2618,1.15696144104
2619,1.92562818527
2620,15.7852201462
2621,7.221139431
2622,8.73460483551
2623,6.04217576981
2624,1.15620827675
2625,3.38328337669
2626,1.05317103863
2627,1.32209515572
2628,7.36048936844
2629,1.7604265213
2630,2.45859241486
2631,5.57673501968
2632,0.992667078972
2633,4.97202014923
2634,2.74793934822
2635,8.26755523682
2636,3.47595667839
2637,1.17902624607
2638,3.00391364098
2639,1.02364647388
2640,3.75128340721
2641,2.69009518623
2642,1.05953168869
2643,1.62793934345
2644,1.00552618504
2645,0.998219549656
2646,1.90709006786
2647,0.970986247063
2648,0.98875951767
2649,0.994103193283
2650,9.8580827713
2651,1.01207613945
2652,4.99072980881
2653,1.26179432869
2654,1.77035224438
2655,9.72975254059
2656,1.95710575581
2657,2.78344416618
2658,2.94481468201
2659,4.03933572769
2660,3.48085474968
2661,2.17273235321
2662,2.02727222443
2663,5.09879398346
2664,5.4269452095
2665,2.27279639244
2666,1.33240199089
2667,2.02707195282
2668,3.87400197983
2669,6.72449874878
2670,1.52127754688
2671,0.981607198715
2672,7.14025020599
2673,4.36819267273
2674,1.02115750313
2675,1.0025575161
2676,2.15176105499
2677,5.10079717636
2678,1.6769746542
2679,7.85988044739
2680,2.74265432358
2681,3.08758473396
2682,2.24959611893
2683,6.45536851883
2684,11.8721008301
2685,1.86785340309
2686,6.91015672684
2687,3.94055342674
2688,2.87068748474
2689,4.48778915405
2690,2.13435959816
2691,6.09706687927
2692,1.96222925186
2693,3.16751480103
2694,2.2590265274
2695,2.03418064117
2696,2.23911952972
2697,2.55873298645
2698,2.71498775482
2699,2.95363306999
2700,2.3828163147
2701,1.35672879219
2702,4.16882514954
2703,2.66975045204
2704,1.84687781334
2705,1.67165899277
2706,7.12831783295
2707,3.57521748543
2708,7.66881799698
2709,2.14641714096
2710,1.63085579872
2711,3.62879514694
2712,0.980451107025
2713,2.67739653587
2714,4.01252841949
2715,0.98995423317
2716,4.64554357529
2717,10.6847410202
2718,5.03921365738
2719,3.98477339745
2720,9.96537303925
2721,5.4786734581
2722,3.77430772781
2723,1.22995400429
2724,7.29558992386
2725,0.989448070526
2726,3.00807285309
2727,6.66132307053
2728,0.999026060104
2729,1.96524882317
2730,6.2792057991
2731,1.08159613609
2732,1.02513921261
2733,2.02180433273
2734,4.75659656525
2735,2.59118247032
2736,7.39011096954
2737,4.6380147934
2738,1.51457250118
2739,0.963636159897
2740,4.25169658661
2741,2.05081605911
2742,1.42302799225
2743,1.8132891655
2744,2.09128189087
2745,2.17651557922
2746,1.28284502029
2747,2.29244613647
2748,3.91385936737
2749,3.6892645359
2750,4.07482910156
2751,1.50966775417
2752,2.64497900009
2753,1.53438448906
2754,2.07815504074
2755,1.66439807415
2756,4.86811876297
2757,0.989008188248
2758,1.29748773575
2759,3.10880327225
2760,6.97448921204
2761,1.41102600098
2762,2.94010233879
2763,1.94880783558
2764,4.68530511856
2765,1.20377969742
2766,8.26945304871
2767,3.32794523239
2768,1.86375439167
2769,0.986624479294
2770,0.997346222401
2771,3.22802758217
2772,0.981265187263
2773,12.0199728012
2774,11.4544725418
2775,1.51557672024
2776,3.20013809204
2777,2.32897686958
2778,1.05495882034
2779,2.11817121506
2780,1.01934766769
2781,2.50526309013
2782,2.4875497818
2783,1.00364971161
2784,1.00621724129
2785,1.48132419586
2786,0.991616129875
2787,0.924706935883
2788,2.12999677658
2789,4.07552719116
2790,2.95288276672
2791,2.13645029068
2792,2.81168556213
2793,0.956298232079
2794,1.19106340408
2795,2.73351740837
2796,5.66047239304
2797,1.21889698505
2798,1.01500570774
2799,1.41514360905
2800,1.21484184265
2801,0.918222904205
2802,1.31940412521
2803,1.03865098953
2804,1.34244859219
2805,4.33686923981
2806,1.50814008713
2807,1.75493383408
2808,1.50602316856
2809,1.47409248352
2810,2.31524944305
2811,2.22046899796
2812,2.53731393814
2813,0.991372108459
2814,0.952328205109
2815,4.28774166107
2816,1.01616322994
2817,3.71292638779
2818,3.74819207191
2819,1.0856347084
2820,1.00676929951
2821,0.90747231245
2822,5.56083202362
2823,1.14772295952
2824,3.90555143356
2825,1.39960741997
2826,1.15479850769
2827,1.03194892406
2828,1.01768660545
2829,2.56094098091
2830,2.78114366531
2831,0.921855330467
2832,0.984560370445
2833,0.945315480232
2834,1.01367604733
2835,1.44374513626
2836,1.09093868732
2837,1.97125220299
2838,2.89055609703
2839,3.94271826744
2840,2.11304020882
2841,0.945444464684
2842,1.71451413631
2843,1.97829091549
2844,0.959798395634
2845,1.02034366131
2846,1.3150601387
2847,1.02196550369
2848,1.34567463398
2849,1.96577703953
2850,1.01280808449
2851,2.70409798622
2852,5.51901006699
2853,2.14231777191
2854,1.95521438122
2855,1.02908062935
2856,1.01262366772
2857,1.00384449959
2858,1.39204072952
2859,1.91996908188
2860,1.49167346954
2861,1.03240036964
2862,1.00592589378
2863,4.62731552124
2864,3.47842669487
2865,1.42718505859
2866,2.59296798706
2867,0.961280465126
2868,3.10465073586
2869,1.68516623974
2870,1.21320390701
2871,1.39608621597
2872,1.98073148727
2873,2.04273891449
2874,1.01555871964
2875,1.8562874794
2876,4.2422246933
2877,3.08035731316
2878,1.60697567463
2879,5.80531930923
2880,0.997558891773
2881,1.00166201591
2882,1.03370642662
2883,1.01348769665
2884,1.19643759727
2885,1.23180770874
2886,1.0141941309
2887,1.58446884155
2888,1.59040284157
2889,1.16585469246
2890,1.54239678383
2891,1.84508538246
2892,0.970034658909
2893,1.02631866932
2894,1.68056428432
2895,1.50814986229
2896,2.26499891281
2897,1.70440006256
2898,2.24795055389
2899,2.1538476944
2900,1.52668595314
2901,0.970011353493
2902,0.983257472515
2903,3.52540564537
2904,0.98549413681
2905,0.996031522751
2906,1.02330887318
2907,1.08801841736
2908,1.0069565773
2909,1.21831607819
2910,1.02057790756
2911,1.02610421181
2912,0.99667018652
2913,0.977632761002
2914,1.13936638832
2915,0.932852745056
2916,3.88932442665
2917,2.2069272995
2918,1.86118638515
2919,0.926643073559
2920,1.02222180367
2921,2.04600477219
2922,1.0412375927
2923,0.934129834175
2924,1.59331941605
2925,0.981702506542
2926,1.02423381805
2927,1.59451925755
2928,2.02668094635
2929,1.0218654871
2930,2.37485122681
2931,2.71327710152
2932,0.944605350494
2933,0.999264776707
2934,0.944501936436
2935,1.67359137535
2936,0.989303588867
2937,0.997319459915
2938,1.36451971531
2939,1.7515501976
2940,1.19869494438
2941,3.39263939857
2942,1.03185868263
2943,1.16710686684
2944,0.989136219025
2945,0.92728471756
2946,1.31783056259
2947,1.26463854313
2948,2.29372954369
2949,1.2007381916
2950,2.37613534927
2951,1.01405239105
2952,2.43418741226
2953,2.28600883484
2954,1.24578654766
2955,0.8924883008
2956,2.99002313614
2957,1.03021728992
2958,1.82501614094
2959,1.03420519829
2960,1.02654767036
2961,0.95826125145
2962,1.0101981163
2963,4.12337017059
2964,1.203114748
2965,1.0145907402
2966,0.978585243225
2967,2.02145028114
2968,2.66784977913
2969,1.29547929764
2970,0.995270311832
2971,0.975658535957
2972,1.02610993385
2973,1.01020336151
2974,1.95224189758
2975,1.03839421272
2976,1.68072044849
2977,0.986930251122
2978,2.57870554924
2979,0.98538839817
2980,0.992548942566
2981,1.86860096455
2982,1.01063370705
2983,0.992744863033
2984,1.49199008942
2985,1.48828530312
2986,3.19964122772
2987,1.30602502823
2988,1.03642773628
2989,0.915080904961
2990,0.957705616951
2991,1.58893120289
2992,0.986569225788
2993,1.81450033188
2994,1.05488312244
2995,1.47904109955
2996,0.972705662251
2997,1.00526881218
2998,1.09153854847
2999,1.18219852448
3000,1.38862419128
3001,1.2696750164
3002,0.984550595284
3003,1.66138982773
3004,1.26229524612
3005,0.977561473846
3006,0.987151443958
3007,2.05588150024
3008,0.992078304291
3009,1.36687731743
3010,1.76174294949
3011,1.01787996292
3012,1.48765397072
3013,1.34025025368
3014,1.00936603546
3015,1.00041604042
3016,0.901880860329
3017,1.49558591843
3018,1.53680944443
3019,1.79299807549
3020,1.04803776741
3021,1.00555372238
3022,1.88827431202
3023,1.41081988811
3024,2.6042637825
3025,1.41684341431
3026,2.10715985298
3027,1.02952194214
3028,1.40912628174
3029,0.970810174942
3030,0.983820974827
3031,2.11376929283
3032,1.28195798397
3033,2.13547325134
3034,1.74794471264
3035,2.08889102936
3036,1.45552206039
3037,1.87259066105
3038,2.08822822571
3039,0.922912716866
3040,1.37725114822
3041,1.52293109894
3042,3.24167132378
3043,1.81740748882
3044,1.03126132488
3045,1.68078446388
3046,1.95924067497
3047,1.20909154415
3048,1.7446744442
3049,1.01219630241
3050,1.87898874283
3051,1.12261652946
3052,1.27772963047
3053,1.2449798584
3054,2.88590836525
3055,1.76565909386
3056,1.45337414742
3057,2.21283864975
3058,1.01042461395
3059,2.22810339928
3060,0.981442093849
3061,1.01097631454
3062,0.989233374596
3063,1.46141028404
3064,2.75493597984
3065,2.19065666199
3066,2.24968767166
3067,2.52308964729
3068,1.02967000008
3069,1.01114702225
3070,0.966973662376
3071,1.33194541931
3072,1.47796988487
3073,2.29720139503
3074,2.00376653671
3075,2.53460025787
3076,4.08259010315
3077,1.87106204033
3078,1.14295089245
3079,1.74796020985
3080,2.19204330444
3081,0.964219033718
3082,12.2420635223
3083,1.54099678993
3084,2.20685863495
3085,2.36562037468
3086,1.04105842113
3087,1.01804459095
3088,4.06721115112
3089,0.973829984665
3090,0.979168653488
3091,1.18641138077
3092,1.63038372993
3093,1.86994087696
3094,0.923970222473
3095,1.02923059464
3096,1.56717979908
3097,1.05602860451
3098,2.57746815681
3099,1.27628922462
3100,2.82263016701
3101,0.980776906013
3102,1.68798625469
3103,2.38316822052
3104,1.12814927101
3105,2.97450232506
3106,1.03378248215
3107,0.979493975639
3108,0.977148532867
3109,1.0297358036
3110,4.17312955856
3111,3.00060009956
3112,1.2891690731
3113,1.24752128124
3114,1.05133080482
3115,1.13490176201
3116,1.01024460793
3117,0.964810550213
3118,1.00979328156
3119,1.21506917477
3120,0.985604405403
3121,0.967534780502
3122,0.96627664566
3123,1.01384663582
3124,0.96503508091
3125,2.42060756683
3126,1.02624130249
3127,0.960838854313
3128,1.00134372711
3129,0.985080838203
3130,1.34907984734
3131,1.50535464287
3132,0.998278021812
3133,2.17670202255
3134,1.75158190727
3135,2.80914163589
3136,2.12721681595
3137,0.992309689522
3138,2.14117431641
3139,0.999364316463
3140,0.983247518539
3141,1.1482129097
3142,1.64318680763
3143,0.964780807495
3144,5.76482772827
3145,1.47431981564
3146,1.04108142853
3147,1.40048277378
3148,2.64108085632
3149,0.992155313492
3150,1.35197710991
3151,2.85192227364
3152,1.34873998165
3153,0.987350106239
3154,0.95691806078
3155,2.91552186012
3156,1.47476267815
3157,1.00436842442
3158,1.26116609573
3159,0.990841209888
3160,0.991939544678
3161,3.81611347198
3162,1.56321334839
3163,1.03039050102
3164,2.121114254
3165,1.08480703831
3166,1.37476038933
3167,1.12261199951
3168,1.36364793777
3169,1.42373633385
3170,4.54296159744
3171,1.25236725807
3172,0.998694896698
3173,3.89542150497
3174,1.00250720978
3175,0.987175703049
3176,0.98744559288
3177,1.72286534309
3178,1.18003582954
3179,0.999262571335
3180,0.989686369896
3181,1.64723563194
3182,1.90639281273
3183,2.31390047073
3184,1.00932955742
3185,2.47014808655
3186,1.81595134735
3187,3.20342111588
3188,1.56159842014
3189,1.10545814037
3190,0.972123861313
3191,1.20684802532
3192,0.951972365379
3193,1.13743853569
3194,3.8302628994
3195,1.5254830122
3196,0.953830778599
3197,0.980927348137
3198,2.15163302422
3199,2.11694478989
3200,5.32290840149
3201,1.00021505356
3202,1.29720067978
3203,1.25324511528
3204,1.26130986214
3205,1.76279807091
3206,1.15640485287
3207,1.21821022034
3208,1.23521924019
3209,1.01091790199
3210,1.65686106682
3211,1.21265506744
3212,1.16251695156
3213,1.39133274555
3214,2.96648192406
3215,0.974511027336
3216,1.30804371834
3217,1.68192911148
3218,1.01671731472
3219,1.0659661293
3220,1.01887142658
3221,1.50112652779
3222,1.49110412598
3223,2.57639241219
3224,1.02194643021
3225,1.60762786865
3226,1.20965540409
3227,1.60581505299
3228,1.97789382935
3229,1.50218832493
3230,2.30090904236
3231,1.08138906956
3232,1.12383008003
3233,1.16616654396
3234,1.0074108839
3235,2.42575573921
3236,2.54877686501
3237,0.983658432961
3238,0.954471886158
3239,4.102622509
3240,1.90715944767
3241,1.93941187859
3242,1.12097740173
3243,1.20150208473
3244,1.55495655537
3245,1.32081568241
3246,1.00394761562
3247,4.21827077866
3248,0.992102026939
3249,0.999394655228
3250,2.57399725914
3251,0.980405807495
3252,1.48095107079
3253,0.999319255352
3254,1.0927670002
3255,0.973071098328
3256,1.22137331963
3257,0.897690296173
3258,0.97648203373
3259,0.992790818214
3260,0.984772145748
3261,1.0813741684
3262,1.20727884769
3263,0.978390455246
3264,1.66325879097
3265,1.0672712326
3266,1.22291898727
3267,0.923686027527
3268,1.0813741684
3269,0.940884113312
3270,0.976844727993
3271,0.984772145748
3272,1.0813741684
3273,0.901880860329
3274,0.922811865807
3275,0.972984910011
3276,1.20727884769
3277,0.920310616493
3278,0.904382109642
3279,0.972984910011
3280,0.988778829575
3281,0.935950756073
3282,0.99982881546
3283,1.0047621727
3284,0.898771643639
3285,0.980498313904
3286,0.981679081917
3287,0.922888219357
3288,0.918055891991
3289,0.991255879402
3290,0.991591215134
3291,0.978962659836
3292,1.03162753582
3293,0.96277320385
3294,1.0813741684
3295,0.978080153465
3296,0.985724687576
3297,0.991255879402
3298,2.6469848156
3299,2.51944375038
3300,3.70693612099
3301,3.65404224396
3302,1.53570520878
3303,1.05340075493
3304,3.59847426414
3305,1.15408277512
3306,3.20008778572
3307,3.54285216331
3308,1.00073218346
3309,1.2401740551
3310,2.46409487724
3311,2.27688622475
3312,2.05364561081
3313,3.34336805344
3314,1.76174092293
3315,1.03543639183
3316,2.69115352631
3317,2.37326073647
3318,2.07671976089
3319,1.81096482277
3320,0.979781746864
3321,1.50099802017
3322,1.92452120781
3323,1.01945662498
3324,4.65067815781
3325,2.84928393364
3326,4.68711185455
3327,1.03283119202
3328,1.88530337811
3329,1.0062122345
3330,2.45450496674
3331,1.93973338604
3332,1.04817342758
3333,1.97620952129
3334,1.20002782345
3335,0.968993544579
3336,1.71536445618
3337,3.93838882446
3338,4.84126520157
3339,2.08379626274
3340,3.86409926414
3341,4.29814338684
3342,1.45310783386
3343,1.12282013893
3344,1.03500080109
3345,1.16940951347
3346,1.61580181122
3347,2.42393136024
3348,0.97497010231
3349,1.00145149231
3350,2.68207454681
3351,1.50076949596
3352,1.742182374
3353,0.974581420422
3354,1.9138481617
3355,2.23430871964
3356,1.53018498421
3357,0.979853749275
3358,1.89021635056
3359,2.79246068001
3360,6.18035125732
3361,3.58884954453
3362,5.01960992813
3363,2.52830123901
3364,1.63677251339
3365,2.95159649849
3366,1.8711707592
3367,2.32621145248
3368,1.30743145943
3369,1.02647602558
3370,2.3142490387
3371,0.987192988396
3372,1.57388138771
3373,2.9384522438
3374,1.15466082096
3375,2.12034988403
3376,0.981909513474
3377,1.10179412365
3378,1.79710435867
3379,0.972124457359
3380,1.48203361034
3381,2.10613441467
3382,1.38716566563
3383,3.29542207718
3384,2.10897684097
3385,1.74756860733
3386,3.56297564507
3387,2.81394767761
3388,1.76405274868
3389,1.54965174198
3390,1.94771790504
3391,1.87707030773
3392,0.977052390575
3393,1.94750320911
3394,1.55330896378
3395,1.69664525986
3396,2.36533403397
3397,3.96443748474
3398,2.06205320358
3399,1.95693218708
3400,3.13146948814
3401,0.988717317581
3402,0.972526788712
3403,2.09452009201
3404,0.994755029678
3405,1.94229209423
3406,0.99215233326
3407,1.96577942371
3408,2.42002487183
3409,1.45949602127
3410,1.36269783974
3411,2.45699739456
3412,1.02900934219
3413,2.52092194557
3414,0.966880679131
3415,1.41699850559
3416,1.49187850952
3417,1.63749134541
3418,0.995275735855
3419,1.96425509453
3420,1.8366035223
3421,1.35269546509
3422,1.758005023
3423,1.82276833057
3424,1.75267100334
3425,0.970086991787
3426,1.13883638382
3427,0.996439695358
3428,2.28755879402
3429,1.00658321381
3430,1.34197628498
3431,1.50811386108
3432,1.59600043297
3433,1.90532255173
3434,2.13435792923
3435,1.67410159111
3436,1.85456490517
3437,1.28437244892
3438,1.93380379677
3439,1.17616677284
3440,1.72908103466
3441,0.978337526321
3442,1.69888103008
3443,1.24596238136
3444,0.97676551342
3445,0.957346081734
3446,2.22653055191
3447,0.955351352692
3448,1.60924935341
3449,1.11867010593
3450,2.82112360001
3451,1.73948454857
3452,1.08492565155
3453,1.02687454224
3454,0.98452603817
3455,1.62250602245
3456,0.981902241707
3457,1.40292549133
3458,1.23823189735
3459,2.16076254845
3460,1.02413225174
3461,3.38919639587
3462,2.47078371048
3463,1.3635160923
3464,2.19775104523
3465,1.00524926186
3466,1.10834002495
3467,0.987927556038
3468,1.07064223289
3469,1.00859797001
3470,1.46164035797
3471,1.40210866928
3472,2.00262832642
3473,4.70619678497
3474,1.04381084442
3475,1.32258021832
3476,0.993564248085
3477,2.02138209343
3478,1.44349193573
3479,1.48392748833
3480,1.57494068146
3481,1.19025111198
3482,1.00669968128
3483,1.00380396843
3484,1.49482917786
3485,1.04151773453
3486,1.97454488277
3487,1.86292505264
3488,0.978238463402
3489,1.00393664837
3490,1.79965162277
3491,0.991789162159
3492,1.02105236053
3493,1.72314441204
3494,1.50563251972
3495,1.09293568134
3496,2.49872207642
3497,1.80374634266
3498,1.33074426651
3499,0.98601603508
3500,2.31483125687
3501,0.971231997013
3502,0.989203453064
3503,1.64510965347
3504,1.00062692165
3505,1.62077021599
3506,1.23385190964
3507,1.04870593548
3508,1.06458544731
3509,1.57429838181
3510,1.80277216434
3511,1.01379728317
3512,1.99293887615
3513,1.01029765606
3514,1.91812300682
3515,0.99073523283
3516,1.26695156097
3517,1.01347410679
3518,1.19879961014
3519,1.63308191299
3520,2.9572467804
3521,0.997417092323
3522,1.82906365395
3523,1.01860928535
3524,0.980373442173
3525,1.88590216637
3526,0.97582089901
3527,0.991680145264
3528,1.32690036297
3529,1.0244436264
3530,1.44217765331
3531,1.88180339336
3532,0.96648478508
3533,1.08555269241
3534,1.28474366665
3535,1.43051576614
3536,1.48064923286
3537,1.34523963928
3538,1.30023896694
3539,1.00343489647
3540,1.04959928989
3541,0.960141301155
3542,1.01394534111
3543,1.19152748585
3544,1.05209612846
3545,1.41262173653
3546,1.64394700527
3547,1.41044569016
3548,2.08714485168
3549,1.54736161232
3550,0.967807650566
3551,1.01145458221
3552,0.98498570919
3553,1.20599985123
3554,1.30768322945
3555,0.980918586254
3556,1.13970410824
3557,1.12152504921
3558,1.6233137846
3559,0.970816671848
3560,1.25421476364
3561,0.956742763519
3562,1.78158557415
3563,2.05835914612
3564,1.76969575882
3565,1.59455096722
3566,1.41222548485
3567,1.00879883766
3568,1.02201771736
3569,1.00222992897
3570,1.20686113834
3571,1.47596120834
3572,2.30876994133
3573,1.32430243492
3574,1.02787768841
3575,1.57251930237
3576,1.23745942116
3577,1.36374557018
3578,1.87188208103
3579,2.11617422104
3580,0.981614649296
3581,2.14282655716
3582,1.92702054977
3583,2.25254201889
3584,1.48214006424
3585,1.91392731667
3586,1.03235173225
3587,1.02211678028
3588,0.995649218559
3589,1.89451527596
3590,0.998516976833
3591,0.96148788929
3592,1.25753486156
3593,1.0507133007
3594,1.6800185442
3595,1.36091172695
3596,1.15170788765
3597,1.46496772766
3598,0.98440605402
3599,1.39372801781
3600,2.7886300087
3601,1.56825840473
3602,1.55322992802
3603,1.51926124096
3604,1.00040984154
3605,1.76302909851
3606,0.943670749664
3607,3.32416391373
3608,1.38761508465
3609,1.30467033386
3610,1.39719390869
3611,0.98720729351
3612,3.46957588196
3613,1.09487009048
3614,0.979989886284
3615,1.69525802135
3616,1.0442841053
3617,1.01818323135
3618,1.02625894547
3619,1.00893223286
3620,1.84159147739
3621,1.66962301731
3622,1.19280338287
3623,0.988858044147
3624,1.21108222008
3625,1.1790895462
3626,0.993443727493
3627,1.03631329536
3628,1.00119745731
3629,0.914137125015
3630,1.794490695
3631,0.995689034462
3632,1.36279344559
3633,1.87796652317
3634,1.61825716496
3635,2.33285713196
3636,0.967790722847
3637,0.98245793581
3638,0.987426638603
3639,0.994927406311
3640,1.19571793079
3641,2.20769381523
3642,0.956473112106
3643,1.01233100891
3644,0.993879437447
3645,2.47351527214
3646,1.19181132317
3647,1.93545103073
3648,0.973271250725
3649,1.01151704788
3650,0.970891356468
3651,0.967030286789
3652,1.50003767014
3653,0.921388983727
3654,1.70504438877
3655,1.72105503082
3656,1.53242647648
3657,0.989514112473
3658,1.44719338417
3659,1.26201736927
3660,1.74714124203
3661,1.02919435501
3662,1.59949195385
3663,0.982639729977
3664,0.819976091385
3665,1.1236371994
3666,1.40562558174
3667,1.66414511204
3668,0.999754071236
3669,1.29289186001
3670,1.79201734066
3671,1.04891371727
3672,0.998561739922
3673,1.92941057682
3674,0.989390850067
3675,1.19629430771
3676,1.23880624771
3677,1.00054717064
3678,0.965834259987
3679,0.994740128517
3680,1.57042980194
3681,1.02867460251
3682,0.998928546906
3683,0.988149762154
3684,0.96537733078
3685,1.00672578812
3686,1.8210439682
3687,2.5283908844
3688,1.94101858139
3689,1.0187690258
3690,1.00210738182
3691,0.981468379498
3692,1.78507530689
3693,1.14408588409
3694,1.25217843056
3695,1.63706743717
3696,1.38316702843
3697,1.98704004288
3698,1.95464539528
3699,1.03524172306
3700,1.70613026619
3701,1.14875435829
3702,1.8615436554
3703,0.962858438492
3704,1.39307320118
3705,0.994858145714
3706,1.94815540314
3707,0.966629743576
3708,0.978991866112
3709,1.80984973907
3710,1.58348548412
3711,0.992303371429
3712,2.5756509304
3713,1.78554260731
3714,1.05231225491
3715,1.7271245718
3716,0.997546136379
3717,1.86167824268
3718,1.25562310219
3719,2.09696245193
3720,0.984302997589
3721,0.98682230711
3722,1.43197023869
3723,1.49918103218
3724,1.10798084736
3725,1.89533221722
3726,2.14064311981
3727,1.001932621
3728,1.72098922729
3729,1.57246160507
3730,0.992257237434
3731,0.973238408566
3732,1.20938336849
3733,1.06607842445
3734,0.977553427219
3735,0.997263431549
3736,0.991848409176
3737,2.31768012047
3738,0.995696902275
3739,1.01207101345
3740,1.04222559929
3741,0.971207737923
3742,1.0102339983
3743,1.89724850655
3744,1.00846767426
3745,1.29254472256
3746,1.02653968334
3747,1.28916764259
3748,1.47017478943
3749,0.968854546547
3750,0.966774940491
3751,1.55741512775
3752,1.0110553503
3753,0.987102031708
3754,0.990595936775
3755,1.30320596695
3756,1.4284965992
3757,0.952812790871
3758,1.01818323135
3759,0.997756838799
3760,1.02493882179
3761,1.38571596146
3762,1.0114004612
3763,0.981085121632
3764,1.89776551723
3765,1.07045710087
3766,0.995785474777
3767,1.73100244999
3768,1.20092213154
3769,0.965019702911
3770,1.06764173508
3771,0.944403529167
3772,0.999702990055
3773,1.12893557549
3774,0.996929764748
3775,1.24210941792
3776,2.09611582756
3777,1.00909328461
3778,0.98175573349
3779,0.992701888084
3780,1.81755280495
3781,1.04165959358
3782,1.74734830856
3783,1.26095509529
3784,1.22130441666
3785,1.36218452454
3786,1.11793315411
3787,0.99893116951
3788,1.79726529121
3789,1.96300423145
3790,1.20687460899
3791,0.962556958199
3792,1.01009917259
3793,1.30026388168
3794,1.82365059853
3795,2.35720229149
3796,1.22964406013
3797,1.6345281601
3798,1.00658369064
3799,1.03628337383
3800,1.04783129692
3801,0.979945063591
3802,0.979979753494
3803,1.02993941307
3804,0.995514273643
3805,0.989150583744
3806,1.04049777985
3807,1.00469923019
3808,1.0126516819
3809,1.03190994263
3810,1.01818323135
3811,1.00271844864
3812,1.03254246712
3813,0.986671566963
3814,1.00140428543
3815,0.978809297085
3816,1.01447141171
3817,1.00375175476
3818,1.04297959805
3819,1.0367474556
3820,1.0261516571
3821,1.01381087303
3822,0.994632005692
3823,0.992701888084
3824,0.997721672058
3825,1.03762662411
3826,0.979979753494
3827,1.05896997452
3828,0.968770742416
3829,1.01347410679
3830,1.01723408699
3831,1.00271844864
3832,0.986671566963
3833,1.02004408836
3834,1.00055360794
3835,1.05112075806
3836,1.05112075806
3837,1.03363156319
3838,1.01149117947
3839,0.987170636654
3840,1.02204871178
3841,5.59343147278
3842,1.00655508041
3843,1.01397192478
3844,8.06597518921
3845,2.99327969551
3846,5.99572134018
3847,1.12444770336
3848,1.76347339153
3849,2.93074250221
3850,2.51468801498
3851,6.59528923035
3852,0.986216425896
3853,1.00928175449
3854,4.8210067749
3855,3.55046701431
3856,1.0120664835
3857,1.57209479809
3858,1.24930012226
3859,4.44291305542
3860,1.0580368042
3861,3.90704393387
3862,1.89654171467
3863,9.12187767029
3864,1.02162694931
3865,1.9682379961
3866,1.02901530266
3867,1.76044106483
3868,2.22904706001
3869,3.72115278244
3870,2.81263303757
3871,1.58450961113
3872,1.51391172409
3873,1.0666847229
3874,1.4482383728
3875,1.34321844578
3876,1.2661614418
3877,1.9666531086
3878,1.90159606934
3879,5.08849811554
3880,2.03887271881
3881,2.86173725128
3882,0.972194552422
3883,1.15874886513
3884,1.00449693203
3885,1.50501334667
3886,1.06559956074
3887,2.18257379532
3888,2.71948075294
3889,3.25379061699
3890,0.957132458687
3891,2.63535857201
3892,2.60542201996
3893,2.05439186096
3894,1.13096880913
3895,1.72091472149
3896,1.49555647373
3897,1.20818090439
3898,1.19316148758
3899,2.04223370552
3900,5.55279874802
3901,2.39582395554
3902,1.84731090069
3903,1.11338400841
3904,1.36143803596
3905,1.58256793022
3906,1.01216459274
3907,2.6847114563
3908,1.02722406387
3909,1.03318476677
3910,4.07481765747
3911,3.6553735733
3912,3.35332465172
3913,0.996731519699
3914,1.94281589985
3915,3.71886658669
3916,0.975486755371
3917,1.85903453827
3918,2.79178595543
3919,1.35690677166
3920,1.04316902161
3921,1.85298597813
3922,2.7064845562
3923,0.979225993156
3924,1.01588714123
3925,0.993282556534
3926,1.60257685184
3927,3.55963015556
3928,1.50279641151
3929,1.65918755531
3930,2.05181765556
3931,0.980137825012
3932,1.22508621216
3933,1.13895916939
3934,2.35057926178
3935,2.66225337982
3936,3.25098752975
3937,1.50359964371
3938,2.01353740692
3939,3.73925375938
3940,1.03477811813
3941,1.93212807178
3942,1.00450801849
3943,1.80048120022
3944,1.20567822456
3945,1.12051773071
3946,2.1249525547
3947,1.2723004818
3948,1.28384566307
3949,1.16043817997
3950,1.04338634014
3951,1.04089570045
3952,1.88519310951
3953,3.24863123894
3954,1.04092955589
3955,0.957047879696
3956,1.4105502367
3957,1.24359667301
3958,1.66873633862
3959,1.68362700939
3960,1.51833879948
3961,1.6104323864
3962,1.54484570026
3963,1.06040692329
3964,1.69734668732
3965,1.00495362282
3966,1.70331394672
3967,1.31258761883
3968,1.24065923691
3969,1.26245439053
3970,0.972341060638
3971,1.02898192406
3972,2.93959856033
3973,1.60352706909
3974,1.3656475544
3975,1.0139387846
3976,1.00515365601
3977,1.75890851021
3978,1.27785849571
3979,2.5672314167
3980,2.33378410339
3981,1.05130112171
3982,1.37505435944
3983,1.51398515701
3984,1.51372337341
3985,1.3251209259
3986,3.15391421318
3987,1.55906784534
3988,1.65761590004
3989,1.50525140762
3990,2.46175289154
3991,1.23384547234
3992,1.36207127571
3993,1.03472876549
3994,1.91100895405
3995,1.63774681091
3996,1.59584641457
3997,2.01325535774
3998,1.47630167007
3999,1.41391122341
4000,1.3044462204
4001,1.45798408985
4002,1.94891500473
4003,0.92377614975
4004,1.62433457375
4005,1.02516412735
4006,1.22425723076
4007,2.53913807869
4008,1.50361323357
4009,1.02122569084
4010,1.01605415344
4011,1.5952783823
4012,1.01083528996
4013,1.22956562042
4014,1.78877425194
4015,1.46108365059
4016,1.70191597939
4017,1.40267848969
4018,0.976576328278
4019,0.981771588326
4020,1.21750760078
4021,1.28105306625
4022,1.73187828064
4023,0.980543136597
4024,1.0059337616
4025,0.988776683807
4026,1.39783525467
4027,1.45586013794
4028,0.969083786011
4029,1.30497992039
4030,2.15915226936
4031,0.984737873077
4032,0.990062832832
4033,2.26839160919
4034,0.97072416544
4035,1.18197464943
4036,1.00752687454
4037,0.999754190445
4038,1.02487015724
4039,1.01921796799
4040,1.01297450066
4041,1.86872327328
4042,1.35446691513
4043,0.955884516239
4044,1.03573453426
4045,1.03047502041
4046,2.00098800659
4047,1.01388442516
4048,1.08959531784
4049,1.01847231388
4050,1.3983695507
4051,1.20965445042
4052,1.08211731911
4053,1.53157615662
4054,0.990395784378
4055,0.979894936085
4056,2.58217120171
4057,1.28772425652
4058,0.976133227348
4059,1.7404153347
4060,1.27721309662
4061,1.84341073036
4062,1.40433812141
4063,1.02040851116
4064,2.15602993965
4065,2.10850954056
4066,2.22704911232
4067,1.00782561302
4068,0.973212122917
4069,1.58387339115
4070,1.01910042763
4071,1.13856089115
4072,1.41189587116
4073,0.986871361732
4074,1.00939059258
4075,0.991947829723
4076,1.01176309586
4077,1.86284637451
4078,1.65087640285
4079,1.0188627243
4080,0.961802482605
4081,1.49020814896
4082,1.80181372166
4083,0.998199343681
4084,0.933120727539
4085,0.973801493645
4086,1.93245196342
4087,1.02648162842
4088,1.08718681335
4089,1.64860510826
4090,1.00897824764
4091,1.48793363571
4092,1.33920586109
4093,1.82838857174
4094,0.991265177727
4095,1.00668907166
4096,1.5990281105
4097,0.98564773798
4098,1.00365686417
4099,2.21271324158
4100,0.934052407742
4101,1.0123026371
4102,1.72214663029
4103,1.64518225193
4104,1.54163467884
4105,1.25577259064
4106,1.18888235092
4107,1.02914524078
4108,1.23350095749
4109,0.992731869221
4110,1.93980550766
4111,1.58836126328
4112,0.998311758041
4113,1.65729796886
4114,1.01875257492
4115,1.15329885483
4116,1.04241681099
4117,1.49470996857
4118,1.01605510712
4119,1.02787053585
4120,1.05131602287
4121,1.43717241287
4122,1.6630884409
4123,1.66238903999
4124,1.56411314011
4125,1.24228954315
4126,1.75909435749
4127,1.22526049614
4128,0.974479317665
4129,1.03453683853
4130,1.00870323181
4131,1.27263259888
4132,1.77858150005
4133,1.55416989326
4134,1.15759921074
4135,1.95458078384
4136,0.940928578377
4137,1.50174486637
4138,0.862181663513
4139,1.53844738007
4140,1.02344155312
4141,1.03017008305
4142,0.93777692318
4143,1.71854043007
4144,1.06287908554
4145,0.987428486347
4146,1.41673660278
4147,1.00310349464
4148,1.55515241623
4149,1.11500668526
4150,1.27283191681
4151,1.81667613983
4152,2.70496177673
4153,0.97923541069
4154,1.71193790436
4155,1.01429152489
4156,1.12965631485
4157,0.97174346447
4158,1.0336509943
4159,1.28697395325
4160,1.7395979166
4161,1.40161108971
4162,0.996558308601
4163,1.04087531567
4164,0.993114829063
4165,1.46244955063
4166,1.70997917652
4167,1.65644681454
4168,1.48253130913
4169,2.92742156982
4170,1.46070384979
4171,1.38023722172
4172,1.40614199638
4173,1.93722438812
4174,0.981581926346
4175,1.36169099808
4176,1.42604327202
4177,0.917401909828
4178,1.4019215107
4179,0.988624811172
4180,1.33937931061
4181,1.03339731693
4182,1.12856054306
4183,1.02011501789
4184,1.05411911011
4185,1.14271974564
4186,1.42079877853
4187,1.40779733658
4188,1.02676618099
4189,2.260638237
4190,1.73226106167
4191,1.74438405037
4192,1.86148452759
4193,1.01372492313
4194,1.36546373367
4195,2.7515206337
4196,1.03926312923
4197,0.997868418694
4198,1.04723751545
4199,1.90492975712
4200,1.58657968044
4201,1.56991541386
4202,1.00802755356
4203,1.0422539711
4204,1.0421705246
4205,0.99666595459
4206,1.29788923264
4207,1.01802444458
4208,1.26573240757
4209,1.81611859798
4210,1.01951396465
4211,1.53000402451
4212,0.995024085045
4213,1.36142849922
4214,0.941189408302
4215,1.37110567093
4216,1.02632236481
4217,1.88292908669
4218,1.95912659168
4219,1.29211425781
4220,1.65140533447
4221,0.943368792534
4222,1.03549325466
4223,1.06510066986
4224,1.22739803791
4225,1.21249341965
4226,1.00457906723
4227,1.21857821941
4228,1.69614577293
4229,1.33957004547
4230,0.953450679779
4231,1.03424954414
4232,1.41367769241
4233,3.01733613014
4234,0.969274938107
4235,1.01830267906
4236,3.62026143074
4237,1.47592687607
4238,1.50480818748
4239,1.07486104965
4240,1.37198483944
4241,1.11017405987
4242,1.28262066841
4243,1.974203825
4244,2.20108628273
4245,1.26500797272
4246,1.00177288055
4247,1.1330473423
4248,1.11912631989
4249,1.74907338619
4250,1.4671728611
4251,1.05393958092
4252,1.65071880817
4253,0.99983894825
4254,1.00265049934
4255,1.32774877548
4256,1.75051045418
4257,1.01170897484
4258,1.02606475353
4259,0.986774563789
4260,1.03922796249
4261,0.993966221809
4262,1.56925106049
4263,1.7556655407
4264,1.06339716911
4265,1.40340828896
4266,0.970370531082
4267,1.002409935
4268,1.02681207657
4269,1.0062841177
4270,1.18799328804
4271,1.47496318817
4272,1.44125974178
4273,1.02582609653
4274,1.61480939388
4275,0.982420623302
4276,2.05270528793
4277,1.47864675522
4278,1.56635582447
4279,1.80912423134
4280,1.32404386997
4281,0.970795512199
4282,0.992678046227
4283,1.4867156744
4284,1.02658164501
4285,1.27640008926
4286,1.18412947655
4287,1.18688833714
4288,1.02837467194
4289,1.53361213207
4290,1.8478461504
4291,1.01757144928
4292,2.1383330822
4293,1.28931164742
4294,0.982491374016
4295,1.00287723541
4296,0.908807694912
4297,0.981421947479
4298,1.47380447388
4299,1.03210580349
4300,0.97640645504
4301,1.25269722939
4302,0.996091961861
4303,1.02390086651
4304,2.14638185501
4305,1.82036459446
4306,0.978044807911
4307,1.00410211086
4308,1.00544703007
4309,1.20013356209
4310,1.09080934525
4311,1.20360803604
4312,0.98087823391
4313,0.970374703407
4314,2.3115696907
4315,1.97353327274
4316,1.38529551029
4317,1.24432611465
4318,1.89749348164
4319,1.69118714333
4320,1.00190961361
4321,1.02202296257
4322,1.02247524261
4323,1.02555084229
4324,1.02184987068
4325,1.00519824028
4326,1.00889217854
4327,1.00435829163
4328,1.04168367386
4329,1.05199551582
4330,1.03023481369
4331,1.06379437447
4332,0.976734161377
4333,1.04096841812
4334,0.972543597221
4335,1.02467656136
4336,1.03979539871
4337,1.05570721626
4338,1.04096841812
4339,1.04767155647
4340,1.04168367386
4341,1.04168367386
4342,1.06188905239
4343,1.05869007111
4344,0.978674888611
4345,1.00687253475
4346,1.00697720051
4347,1.03499162197
4348,1.02427899837
4349,1.06587767601
4350,1.05575239658
4351,1.0057015419
4352,1.06963443756
4353,1.02570056915
4354,1.05575239658
4355,1.05199551582
4356,1.04235076904
4357,1.05273389816
4358,1.06367564201
4359,1.45838749409
4360,1.0018414259
4361,1.02882599831
4362,1.02627539635
4363,32.0039672852
4364,20.015127182
4365,14.3006277084
4366,2.00914859772
4367,15.0822296143
4368,11.1224145889
4369,7.05464172363
4370,9.15695381165
4371,10.8318815231
4372,13.65899086
4373,1.52478277683
4374,3.91481137276
4375,18.8605728149
4376,10.918053627
4377,11.4980926514
4378,6.43450737
4379,2.34200906754
4380,2.67048740387
4381,4.4158244133
4382,4.24102878571
4383,6.23005437851
4384,1.215305686
4385,22.3652229309
4386,2.41012716293
4387,1.04418802261
4388,5.04523229599
4389,1.00379562378
4390,1.39539837837
4391,4.04122066498
4392,1.02272903919
4393,0.998217940331
4394,1.02033758163
4395,5.5269575119
4396,4.80064296722
4397,5.61328697205
4398,6.59837532043
4399,5.92228555679
4400,4.40336418152
4401,4.84282684326
4402,0.988870382309
4403,4.02813911438
4404,1.69837319851
4405,2.5294175148
4406,12.9718370438
4407,2.22328424454
4408,9.23497676849
4409,1.98607742786
4410,3.03914475441
4411,4.80764102936
4412,4.74637651443
4413,4.20199871063
4414,5.2779083252
4415,6.39690637589
4416,5.62023687363
4417,1.92593276501
4418,2.27227973938
4419,0.993528544903
4420,8.0401058197
4421,2.04454278946
4422,0.979231834412
4423,3.43131494522
4424,9.61311912537
4425,0.975440382957
4426,4.09640312195
4427,3.13149213791
4428,1.52017724514
4429,2.33857059479
4430,4.32193088531
4431,0.970890879631
4432,2.6132376194
4433,5.31438541412
4434,1.07131242752
4435,2.21511292458
4436,8.87334156036
4437,3.654088974
4438,2.93151569366
4439,3.36473083496
4440,6.78116416931
4441,5.25138139725
4442,1.45247721672
4443,2.85832238197
4444,3.22531700134
4445,3.88720679283
4446,4.40863227844
4447,1.01869308949
4448,5.89519166946
4449,4.49352121353
4450,1.55557370186
4451,1.83268022537
4452,2.05391025543
4453,1.21773195267
4454,0.990978360176
4455,10.3333435059
4456,5.78210496902
4457,7.93475866318
4458,6.9216427803
4459,4.99585866928
4460,1.58425748348
4461,1.97082841396
4462,3.35637044907
4463,3.36299800873
4464,2.22338700294
4465,1.04880464077
4466,2.24755215645
4467,1.02647995949
4468,5.02361249924
4469,1.85688078403
4470,1.93823957443
4471,6.64093399048
4472,2.54891872406
4473,1.51716542244
4474,4.9861164093
4475,2.82754302025
4476,3.51094675064
4477,1.86498963833
4478,1.02544331551
4479,2.93430447578
4480,2.04130983353
4481,2.75933694839
4482,2.67517185211
4483,1.50885999203
4484,6.89613676071
4485,4.70358753204
4486,0.977769374847
4487,2.38526010513
4488,1.0288643837
4489,2.15290117264
4490,1.4388525486
4491,2.0504014492
4492,1.04850828648
4493,1.01616561413
4494,3.66864728928
4495,2.40481472015
4496,1.83717989922
4497,5.36767911911
4498,2.42661809921
4499,1.46760714054
4500,2.46332502365
4501,3.84120678902
4502,2.48600196838
4503,3.06215691566
4504,1.68161392212
4505,9.08938407898
4506,5.30722141266
4507,5.77564668655
4508,1.67885112762
4509,3.04185056686
4510,7.91921329498
4511,2.12170982361
4512,3.22842288017
4513,2.75267314911
4514,1.69873118401
4515,4.79571056366
4516,2.21553444862
4517,4.40819692612
4518,3.43635582924
4519,3.14278030396
4520,1.10809850693
4521,2.86012172699
4522,2.78990721703
4523,1.95341324806
4524,1.50797772408
4525,2.54455804825
4526,1.00314235687
4527,4.97799444199
4528,2.10012149811
4529,1.84732782841
4530,1.05103373528
4531,1.79681837559
4532,2.05007052422
4533,3.53691148758
4534,1.75376725197
4535,0.962325692177
4536,1.27139306068
4537,1.57260584831
4538,1.79352879524
4539,0.981929540634
4540,2.52877998352
4541,1.67730176449
4542,3.54348158836
4543,1.5297421217
4544,1.14610815048
4545,0.985440373421
4546,1.02886772156
4547,2.31396126747
4548,1.82683372498
4549,3.23147964478
4550,2.23228430748
4551,3.22468161583
4552,1.67525660992
4553,2.26807379723
4554,1.4453933239
4555,2.34786128998
4556,1.86009943485
4557,1.3114669323
4558,0.977444827557
4559,1.45768451691
4560,2.04564476013
4561,1.47037875652
4562,5.51344394684
4563,1.85180652142
4564,5.01461935043
4565,1.001942873
4566,2.12786531448
4567,1.25093126297
4568,3.07809829712
4569,1.00522625446
4570,3.53472995758
4571,1.63193130493
4572,2.58925533295
4573,1.68902301788
4574,1.13335859776
4575,1.98955917358
4576,1.32550060749
4577,3.43627023697
4578,1.610653162
4579,1.47432971001
4580,2.68025255203
4581,1.21842956543
4582,0.998298764229
4583,2.28336763382
4584,1.542324543
4585,1.10180079937
4586,1.66344225407
4587,2.56797623634
4588,1.74260127544
4589,2.25195217133
4590,2.22598266602
4591,1.02554273605
4592,1.25573587418
4593,0.990245044231
4594,2.49733448029
4595,1.54600143433
4596,0.960678100586
4597,1.49014139175
4598,3.8261680603
4599,1.52599918842
4600,1.58657479286
4601,1.00289881229
4602,1.34124469757
4603,2.17914390564
4604,1.94428014755
4605,3.52049899101
4606,3.53180003166
4607,1.02186524868
4608,0.947705149651
4609,1.28501284122
4610,1.66151332855
4611,1.48989522457
4612,1.96182775497
4613,1.14016711712
4614,3.6594183445
4615,1.36845934391
4616,3.89433979988
4617,1.20101928711
4618,2.76817178726
4619,1.29303264618
4620,1.43232989311
4621,2.42097854614
4622,2.88934493065
4623,1.00509190559
4624,1.94515752792
4625,1.31264162064
4626,2.20338249207
4627,1.42760968208
4628,1.31565237045
4629,1.00372862816
4630,1.94583642483
4631,1.42268538475
4632,2.35535049438
4633,1.00120282173
4634,1.06957042217
4635,1.01791334152
4636,1.29072284698
4637,1.28739190102
4638,1.90681350231
4639,2.49502325058
4640,2.32951331139
4641,2.89173769951
4642,1.43661880493
4643,2.99625754356
4644,1.62239646912
4645,1.2652657032
4646,2.06669378281
4647,1.03477859497
4648,1.10094547272
4649,0.983717560768
4650,2.39508533478
4651,1.08889269829
4652,2.01935887337
4653,2.42859363556
4654,1.4083969593
4655,1.07509350777
4656,2.17144012451
4657,2.26155328751
4658,1.33110022545
4659,2.1830906868
4660,1.10612499714
4661,1.59540081024
4662,1.31415975094
4663,1.82742154598
4664,1.80434405804
4665,1.19269108772
4666,1.43089079857
4667,1.95260286331
4668,0.951134860516
4669,1.00697088242
4670,1.0280957222
4671,0.988754332066
4672,1.41270279884
4673,1.80948531628
4674,1.06156873703
4675,1.01795744896
4676,2.05169701576
4677,1.37691235542
4678,1.6342509985
4679,0.956759095192
4680,1.73471748829
4681,0.982497930527
4682,3.98873829842
4683,0.872931480408
4684,3.16265034676
4685,1.00765538216
4686,1.17290771008
4687,1.36732149124
4688,0.979060411453
4689,1.78309166431
4690,0.994512796402
4691,4.50212049484
4692,1.12552404404
4693,1.67567718029
4694,0.36208075285
4695,0.978951334953
4696,1.78900611401
4697,1.00612199306
4698,2.75298237801
4699,1.11172795296
4700,1.31453549862
4701,1.19021952152
4702,1.59165298939
4703,1.03147220612
4704,2.6305232048
4705,1.32471084595
4706,1.50538516045
4707,1.0324549675
4708,1.46005749702
4709,1.03050243855
4710,0.984012842178
4711,2.41977548599
4712,1.69014763832
4713,1.21179497242
4714,1.52273917198
4715,1.27822780609
4716,0.957579135895
4717,2.29462242126
4718,0.986174821854
4719,1.73328530788
4720,1.20492458344
4721,2.77835035324
4722,0.993893623352
4723,1.04695153236
4724,2.65236663818
4725,1.71566128731
4726,1.00104379654
4727,3.19103860855
4728,1.02829658985
4729,0.982975363731
4730,1.39583301544
4731,1.41187953949
4732,1.45317625999
4733,1.54142320156
4734,0.977582037449
4735,1.70902740955
4736,1.01190888882
4737,1.46196341515
4738,1.61905765533
4739,1.36980581284
4740,2.03092718124
4741,1.35890758038
4742,1.52495634556
4743,2.45292019844
4744,1.64262700081
4745,1.54669809341
4746,1.17261457443
4747,1.05888819695
4748,0.876806259155
4749,0.991817831993
4750,0.977722048759
4751,1.8917876482
4752,1.01507151127
4753,1.25041663647
4754,1.06471014023
4755,0.961575448513
4756,1.0517488718
4757,1.00305843353
4758,1.22391355038
4759,0.964131116867
4760,2.24200558662
4761,2.0465028286
4762,1.02429962158
4763,6.81756639481
4764,1.17571437359
4765,3.17214035988
4766,1.00609707832
4767,1.12425541878
4768,1.6788173914
4769,3.1065196991
4770,0.992694556713
4771,0.988857388496
4772,0.990441381931
4773,0.989325761795
4774,1.49968719482
4775,1.00488495827
4776,0.964962661266
4777,0.98940551281
4778,1.00874829292
4779,0.98911434412
4780,1.81675684452
4781,1.37660741806
4782,1.40998935699
4783,1.97086536884
4784,1.07366323471
4785,1.46577262878
4786,1.44402039051
4787,0.997904956341
4788,1.08684623241
4789,1.12571704388
4790,1.27321970463
4791,1.82959091663
4792,1.58130335808
4793,1.53247630596
4794,1.12204861641
4795,0.973752975464
4796,1.38751411438
4797,0.991671323776
4798,1.82555150986
4799,2.49735879898
4800,2.0869808197
4801,2.2917098999
4802,0.955236792564
4803,1.25341236591
4804,1.03269100189
4805,1.0011370182
4806,1.4225332737
4807,1.92441391945
4808,2.79218411446
4809,0.985712766647
4810,1.26298928261
4811,1.04962396622
4812,1.00800514221
4813,1.03737854958
4814,0.973898768425
4815,1.50423574448
4816,1.25580096245
4817,0.946376085281
4818,1.39313483238
4819,0.989527821541
4820,1.83383917809
4821,1.37865161896
4822,0.966479420662
4823,1.03145205975
4824,0.973382949829
4825,1.32327413559
4826,1.03307330608
4827,0.983270764351
4828,1.01411426067
4829,1.28822493553
4830,1.13768625259
4831,0.924838125706
4832,1.03541004658
4833,0.989331841469
4834,1.28910911083
4835,0.923357903957
4836,1.17121315002
4837,1.45098102093
4838,1.59965765476
4839,1.31284689903
4840,2.94106698036
4841,1.26770114899
4842,1.94178748131
4843,1.11442422867
4844,1.69598603249
4845,1.10061359406
4846,3.11174178123
4847,0.992871165276
4848,1.95061802864
4849,1.49890756607
4850,0.992582559586
4851,2.07172203064
4852,1.50383138657
4853,1.40760970116
4854,1.30620908737
4855,1.04375600815
4856,0.977334737778
4857,1.89637923241
4858,1.02179658413
4859,1.48170661926
4860,2.01883125305
4861,1.003677845
4862,1.47517943382
4863,1.01783072948
4864,1.16064190865
4865,1.95105803013
4866,5.28493356705
4867,0.972866654396
4868,0.988426327705
4869,1.00896954536
4870,2.26771259308
4871,0.978567123413
4872,0.895624935627
4873,0.97901058197
4874,1.0248541832
4875,1.0781981945
4876,1.4921631813
4877,0.985168039799
4878,1.65449237823
4879,2.52491188049
4880,1.39975523949
4881,1.93796038628
4882,1.29593777657
4883,3.14692783356
4884,1.05704712868
4885,1.54180431366
4886,1.37209248543
4887,1.54500198364
4888,0.957315325737
4889,1.97931730747
4890,0.994880437851
4891,1.02100300789
4892,0.997374773026
4893,1.5096193552
4894,2.03863430023
4895,0.971090435982
4896,1.0460537672
4897,1.05438184738
4898,1.02739620209
4899,0.956709623337
4900,1.10528039932
4901,1.14534783363
4902,0.979603052139
4903,1.98455321789
4904,1.26952123642
4905,1.74225306511
4906,1.34196257591
4907,1.68619716167
4908,2.25601124763
4909,1.03814816475
4910,0.988873362541
4911,0.952233791351
4912,1.30376243591
4913,1.37570726871
4914,1.05168294907
4915,0.988940000534
4916,0.924421608448
4917,1.32840907574
4918,1.46336507797
4919,0.983117818832
4920,0.984200656414
4921,1.00559270382
4922,1.03601706028
4923,0.94246840477
4924,1.41538774967
4925,1.2995749712
4926,1.02371525764
4927,1.70333063602
4928,0.992705702782
4929,1.02812540531
4930,2.5657556057
4931,0.988116443157
4932,1.58658277988
4933,1.11940550804
4934,1.15843939781
4935,0.994839847088
4936,1.86379408836
4937,1.23832798004
4938,2.54468369484
4939,1.01371586323
4940,0.995045721531
4941,1.4455935955
4942,0.994980156422
4943,1.92951393127
4944,0.907355427742
4945,1.12895178795
4946,2.05226659775
4947,1.45334720612
4948,0.960481226444
4949,0.990037918091
4950,1.02091646194
4951,1.0335547924
4952,1.02017712593
4953,1.02017712593
4954,1.00432229042
4955,1.05987560749
4956,0.983724713326
4957,1.02777266502
4958,1.01580643654
4959,1.02473080158
4960,0.994075000286
4961,1.01031816006
4962,1.01313054562
4963,0.930848479271
4964,0.996887326241
4965,0.922799825668
4966,1.00310373306
4967,0.950648784637
4968,0.984796047211
4969,1.01959133148
4970,0.979476749897
4971,1.05045032501
4972,0.98334634304
4973,1.00952100754
4974,0.99094414711
4975,0.917920470238
4976,1.03696870804
4977,0.984579324722
4978,0.950648784637
4979,1.03724694252
4980,0.983724713326
4981,0.999321103096
4982,1.32494306564
4983,1.17130756378
4984,0.994965195656
4985,0.983724713326
4986,1.04630613327
4987,1.02778494358
4988,0.951809406281
4989,1.04718470573
4990,0.986690044403
4991,0.988270878792
4992,0.998060584068
4993,0.987383186817
4994,1.0442353487
4995,1.03882277012
4996,0.916484713554
4997,1.04137301445
4998,1.0113761425
4999,1.03527593613
